PART NUMBER,REVISION,TEST DATE,TEST OPERATOR,TEST RESULT (PASS/FAIL),COMMENTS,Test Number
40T-001,F,10/27/2023,TN,PASSED,NEEDS TO GO TO FINAL INSPECTION,1
40T-002,F,10/27/2023,TN,PASSED,NEEDS TO GO TO FINAL INSPECTION,1
40T-003,F,10/27/2023,TN,PASSED,NEEDS TO GO TO FINAL INSPECTION,1
40T-004,F,10/27/2023,TN,PASSED,NEEDS TO GO TO FINAL INSPECTION,1
40T-005,F,10/27/2023,TN,PASSED,NEEDS TO GO TO FINAL INSPECTION,1
40T-006,F,10/27/2023,TN,PASSED,NEEDS TO GO TO FINAL INSPECTION,1
40T-007,F,10/27/2023,TN,PASSED,NEEDS TO GO TO FINAL INSPECTION,1
40T-008,F,10/30/2023,TN,PASSED,NEEDS TO GO TO FINAL INSPECTION,1
40T-009,F,10/30/2023,TN,PASSED,NEEDS TO GO TO FINAL INSPECTION,1
40T-010,F,10/30/2023,TN,PASSED,NEEDS TO GO TO FINAL INSPECTION,1
40T-011,F,10/30/2023,TN,PASSED,NEEDS TO GO TO FINAL INSPECTION,1
40T-012,F,11/1/2023,TN,FAILED,USBC-5V-0A0-CL,2
40T-013,F,11/1/2023,TN,PASSED,NEEDS TO GO TO FINAL INSPECTION,3
40T-014,F,11/1/2023,TN,PASSED,NEEDS TO GO TO FINAL INSPECTION,2
40T-015,F,11/1/2023,TN,PASSED,NEEDS TO GO TO FINAL INSPECTION,4
40T-016,F,11/1/2023,TN,FAILED,USBC-5V-0A0-CL,4
40T-017,F,11/2/2023,TN,PASSED,NEEDS TO GO TO FINAL INSPECTION,3
40T-018,F,11/2/2023,TN,PASSED,NEEDS TO GO TO FINAL INSPECTION,2
40T-019,F,11/2/2023,TN,FAILED,RJM,2
40T-020,F,11/2/2023,TN,PASSED,NEEDS TO GO TO FINAL INSPECTION,2
40T-021,F,11/2/2023,TN,FAILED,RJM,2
40T-022,F,11/2/2023,TN,PASSED,NEEDS TO GO TO FINAL INSPECTION,2
40T-023,F,11/2/2023,TN,PASSED,NEEDS TO GO TO FINAL INSPECTION,1
40T-024,F,11/2/2023,TN,PASSED,NEEDS TO GO TO FINAL INSPECTION,1
40T-025,F,11/2/2023,TN,FAILED,USBC-COMM,2
40T-026,F,11/2/2023,TN,PASSED,NEEDS TO GO TO FINAL INSPECTION,2
40T-027,F,11/2/2023,TN,PASSED,NEEDS TO GO TO FINAL INSPECTION,1
40T-028,F,11/2/2023,TN,PASSED,NEEDS TO GO TO FINAL INSPECTION,1
40T-029,F,11/2/2023,TN,PASSED,NEEDS TO GO TO FINAL INSPECTION,1
40T-030,F,11/2/2023,TN,PASSED,NEEDS TO GO TO FINAL INSPECTION,1
40T-031,F,11/2/2023,TN,PASSED,NEEDS TO GO TO FINAL INSPECTION,1
40T-032,F,11/8/2023,TN,FAILED,USBC-COMM,2
40T-033,F,11/8/2023,TN,FAILED,USBC-COMM,1
40T-034,F,11/8/2023,TN,FAILED,USBC-COMM,1
40T-035,F,11/8/2023,TN,FAILED,USBC-COMM,1
40T-036,F,11/8/2023,TN,FAILED,USBC-COMM,1
40T-037,F,12/7/2023,TN,PASSED,NEEDS TO GO TO FINAL INSPECTION,1
40T-038,F,12/7/2023,TN,PASSED,NEEDS TO GO TO FINAL INSPECTION,1
40T-039,F,12/7/2023,TN,PASSED,NEEDS TO GO TO FINAL INSPECTION,1
40T-040,F,12/7/2023,TN,PASSED,NEEDS TO GO TO FINAL INSPECTION,1
40T-041,F,12/7/2023,TN,PASSED,NEEDS TO GO TO FINAL INSPECTION,1
40T-042,F,12/7/2023,TN,PASSED,NEEDS TO GO TO FINAL INSPECTION,1
40T-043,F,12/7/2023,TN,PASSED,NEEDS TO GO TO FINAL INSPECTION,1
40T-044,F,12/7/2023,TN,PASSED,NEEDS TO GO TO FINAL INSPECTION,1
40T-045,F,12/7/2023,TN,PASSED,NEEDS TO GO TO FINAL INSPECTION,1
40T-046,F,12/7/2023,TN,PASSED,NEEDS TO GO TO FINAL INSPECTION,1
40T-047,F,12/7/2023,TN,PASSED,NEEDS TO GO TO FINAL INSPECTION,1
40T-048,F,12/7/2023,TN,FAILED,USBC-5A-3A0-CL,2
40T-049,F,12/7/2023,TN,PASSED,NEEDS TO GO TO FINAL INSPECTION,1
40T-050,F,12/7/2023,TN,FAILED,USBC-5A-3A0-CL,2
40T-051,F,12/7/2023,TN,FAILED,USBC-5A-3A0-CL,3
40T-052,F,12/7/2023,TN,PASSED,NEEDS TO GO TO FINAL INSPECTION,1
40T-053,F,12/7/2023,TN,PASSED,NEEDS TO GO TO FINAL INSPECTION,1
40T-054,F,12/7/2023,TN,FAILED,USBC-5A-3A0-CL,2
40T-055,F,12/7/2023,TN,PASSED,NEEDS TO GO TO FINAL INSPECTION,1
40T-056,F,12/7/2023,TN,PASSED,NEEDS TO GO TO FINAL INSPECTION,1
40T-057,F,12/7/2023,TN,PASSED,NEEDS TO GO TO FINAL INSPECTION,1
40T-058,F,12/7/2023,TN,PASSED,NEEDS TO GO TO FINAL INSPECTION,1
40T-059,F,12/7/2023,TN,PASSED,NEEDS TO GO TO FINAL INSPECTION,1
40T-060,F,12/7/2023,TN,PASSED,NEEDS TO GO TO FINAL INSPECTION,1
40T-061,F,12/7/2023,TN,PASSED,NEEDS TO GO TO FINAL INSPECTION,1
40T-062,F,12/7/2023,TN,PASSED,NEEDS TO GO TO FINAL INSPECTION,1
40T-063,F,12/7/2023,TN,PASSED,NEEDS TO GO TO FINAL INSPECTION,1
40T-064,F,12/7/2023,TN,PASSED,NEEDS TO GO TO FINAL INSPECTION,1
40T-065,F,12/7/2023,TN,PASSED,NEEDS TO GO TO FINAL INSPECTION,1
40T-066,F,12/7/2023,TN,FAILED,USBC (NO LIGHT),2
40T-067,F,12/7/2023,TN,PASSED,NEEDS TO GO TO FINAL INSPECTION,1
40T-068,F,12/7/2023,TN,FAILED,USBC (NO LIGHT),2
40T-069,F,12/7/2023,TN,PASSED,NEEDS TO GO TO FINAL INSPECTION,1
40T-070,F,12/7/2023,TN,PASSED,NEEDS TO GO TO FINAL INSPECTION,1
40T-071,F,12/7/2023,TN,FAILED,USBC (NO LIGHT),3
40T-072,F,12/8/2023,TN,PASSED,NEEDS TO GO TO FINAL INSPECTION,1
40T-073,F,12/8/2023,TN,PASSED,NEEDS TO GO TO FINAL INSPECTION,1
40T-074,F,12/8/2023,TN,PASSED,NEEDS TO GO TO FINAL INSPECTION,1
40T-075,F,12/8/2023,TN,PASSED,NEEDS TO GO TO FINAL INSPECTION,1
40T-076,F,12/8/2023,TN,PASSED,NEEDS TO GO TO FINAL INSPECTION,1
40T-077,F,12/8/2023,TN,PASSED,NEEDS TO GO TO FINAL INSPECTION,1
40T-078,F,12/8/2023,TN,FAILED,USBC (NO LIGHT),2
40T-079,F,12/8/2023,TN,PASSED,NEEDS TO GO TO FINAL INSPECTION,1
40T-080,F,12/8/2023,TN,PASSED,NEEDS TO GO TO FINAL INSPECTION,1
40T-081,F,12/8/2023,TN,FAILED,USBC (NO LIGHT),2
40T-082,F,12/8/2023,TN,PASSED,NEEDS TO GO TO FINAL INSPECTION,1
40T-083,F,12/8/2023,TN,PASSED,NEEDS TO GO TO FINAL INSPECTION,1
40T-084,F,12/8/2023,TN,PASSED,NEEDS TO GO TO FINAL INSPECTION,1
40T-085,F,12/8/2023,TN,PASSED,NEEDS TO GO TO FINAL INSPECTION,1
40T-086,F,12/8/2023,TN,PASSED,NEEDS TO GO TO FINAL INSPECTION,1
40T-087,F,12/8/2023,TN,PASSED,NEEDS TO GO TO FINAL INSPECTION,1
40T-088,F,12/8/2023,TN,PASSED,NEEDS TO GO TO FINAL INSPECTION,1
40T-089,F,12/8/2023,TN,PASSED,NEEDS TO GO TO FINAL INSPECTION,1
40T-090,F,12/8/2023,TN,PASSED,NEEDS TO GO TO FINAL INSPECTION,1
40T-091,F,12/8/2023,TN,PASSED,NEEDS TO GO TO FINAL INSPECTION,1
40T-092,F,12/8/2023,TN,PASSED,NEEDS TO GO TO FINAL INSPECTION,1
40T-093,F,12/8/2023,TN,PASSED,NEEDS TO GO TO FINAL INSPECTION,1
40T-094,F,12/8/2023,TN,PASSED,NEEDS TO GO TO FINAL INSPECTION,1
40T-095,F,12/8/2023,TN,PASSED,NEEDS TO GO TO FINAL INSPECTION,1
40T-096,F,12/8/2023,TN,PASSED,NEEDS TO GO TO FINAL INSPECTION,1
40T-097,F,12/8/2023,TN,PASSED,NEEDS TO GO TO FINAL INSPECTION,1
40T-098,F,12/8/2023,TN,PASSED,NEEDS TO GO TO FINAL INSPECTION,1
40T-099,F,12/8/2023,TN,PASSED,NEEDS TO GO TO FINAL INSPECTION,1
40T-100,F,12/8/2023,TN,PASSED,NEEDS TO GO TO FINAL INSPECTION,1
40T-101,F,12/8/2023,TN,PASSED,NEEDS TO GO TO FINAL INSPECTION,1
40T-102,F,12/8/2023,TN,PASSED,NEEDS TO GO TO FINAL INSPECTION,1
40T-103,F,12/8/2023,TN,PASSED,NEEDS TO GO TO FINAL INSPECTION,1
40T-104,F,12/8/2023,TN,FAILED,CHIPPED,2
40T-105,F,12/8/2023,TN,PASSED,NEEDS TO GO TO FINAL INSPECTION,1
40T-106,F,12/8/2023,TN,FAILED,CHIPPED,2
40T-107,F,12/8/2023,TN,PASSED,NEEDS TO GO TO FINAL INSPECTION,2
40T-108,F,12/8/2023,TN,PASSED,NEEDS TO GO TO FINAL INSPECTION,1
40T-109,F,12/8/2023,TN,PASSED,NEEDS TO GO TO FINAL INSPECTION,1
40T-110,F,12/8/2023,TN,PASSED,NEEDS TO GO TO FINAL INSPECTION,1
40T-111,F,12/8/2023,TN,PASSED,NEEDS TO GO TO FINAL INSPECTION,1
40T-112,F,12/8/2023,TN,PASSED,NEEDS TO GO TO FINAL INSPECTION,1
40T-113,F,12/8/2023,TN,PASSED,NEEDS TO GO TO FINAL INSPECTION,1
40T-114,F,12/8/2023,TN,PASSED,NEEDS TO GO TO FINAL INSPECTION,1
40T-115,F,12/8/2023,TN,PASSED,NEEDS TO GO TO FINAL INSPECTION,1
40T-116,F,12/8/2023,TN,FAILED,CHIPPED,2
40T-117,F,12/8/2023,TN,PASSED,NEEDS TO GO TO FINAL INSPECTION,2
40T-118,F,12/8/2023,TN,PASSED,NEEDS TO GO TO FINAL INSPECTION,1
40T-119,F,12/8/2023,TN,PASSED,NEEDS TO GO TO FINAL INSPECTION,1
40T-120,F,12/8/2023,TN,PASSED,NEEDS TO GO TO FINAL INSPECTION,1
40T-121,F,12/8/2023,TN,PASSED,NEEDS TO GO TO FINAL INSPECTION,1
40T-122,F,12/8/2023,TN,PASSED,NEEDS TO GO TO FINAL INSPECTION,1
40T-123,F,12/8/2023,TN,PASSED,NEEDS TO GO TO FINAL INSPECTION,1
40T-124,F,12/8/2023,TN,PASSED,NEEDS TO GO TO FINAL INSPECTION,1
40T-125,F,12/8/2023,TN,PASSED,NEEDS TO GO TO FINAL INSPECTION,1
40T-126,F,12/8/2023,TN,PASSED,NEEDS TO GO TO FINAL INSPECTION,1
40T-127,F,12/8/2023,TN,PASSED,NEEDS TO GO TO FINAL INSPECTION,1
40T-128,F,12/8/2023,TN,PASSED,NEEDS TO GO TO FINAL INSPECTION,1
40T-129,F,12/8/2023,TN,PASSED,NEEDS TO GO TO FINAL INSPECTION,1
40T-130,F,12/8/2023,TN,PASSED,NEEDS TO GO TO FINAL INSPECTION,1
40T-131,F,12/8/2023,TN,PASSED,NEEDS TO GO TO FINAL INSPECTION,1
40T-132,F,12/11/2023,TN,PASSED,NEEDS TO GO TO FINAL INSPECTION,1
40T-133,F,12/11/2023,TN,PASSED,NEEDS TO GO TO FINAL INSPECTION,1
40T-134,F,12/11/2023,TN,PASSED,NEEDS TO GO TO FINAL INSPECTION,1
40T-135,F,12/11/2023,TN,FAILED,RJM,2
40T-136,F,12/11/2023,TN,PASSED,NEEDS TO GO TO FINAL INSPECTION,1
40T-137,F,12/11/2023,TN,PASSED,NEEDS TO GO TO FINAL INSPECTION,1
40T-138,F,12/11/2023,TN,PASSED,NEEDS TO GO TO FINAL INSPECTION,1
40T-139,F,12/11/2023,TN,PASSED,NEEDS TO GO TO FINAL INSPECTION,1
40T-140,F,12/11/2023,TN,PASSED,NEEDS TO GO TO FINAL INSPECTION,2
40T-141,F,12/11/2023,TN,PASSED,NEEDS TO GO TO FINAL INSPECTION,1
40T-142,F,12/11/2023,TN,PASSED,NEEDS TO GO TO FINAL INSPECTION,1
40T-143,F,12/11/2023,TN,FAILED,RJM,2
40T-144,F,12/11/2023,TN,PASSED,NEEDS TO GO TO FINAL INSPECTION,1
40T-145,F,12/11/2023,TN,PASSED,NEEDS TO GO TO FINAL INSPECTION,1
40T-146,F,12/11/2023,TN,PASSED,NEEDS TO GO TO FINAL INSPECTION,1
40T-147,F,12/11/2023,TN,PASSED,NEEDS TO GO TO FINAL INSPECTION,1
40T-148,F,12/11/2023,TN,PASSED,NEEDS TO GO TO FINAL INSPECTION,1
40T-149,F,12/11/2023,TN,PASSED,NEEDS TO GO TO FINAL INSPECTION,1
40T-150,F,12/11/2023,TN,PASSED,NEEDS TO GO TO FINAL INSPECTION,1
40T-151,F,12/11/2023,TN,PASSED,NEEDS TO GO TO FINAL INSPECTION,1
40T-152,F,12/11/2023,TN,PASSED,NEEDS TO GO TO FINAL INSPECTION,1
40T-153,F,12/11/2023,TN,PASSED,NEEDS TO GO TO FINAL INSPECTION,1
40T-154,F,12/11/2023,TN,PASSED,NEEDS TO GO TO FINAL INSPECTION,1
40T-155,F,12/11/2023,TN,PASSED,NEEDS TO GO TO FINAL INSPECTION,1
40T-156,F,12/11/2023,TN,PASSED,NEEDS TO GO TO FINAL INSPECTION,1
40T-157,F,12/11/2023,TN,PASSED,NEEDS TO GO TO FINAL INSPECTION,1
40T-158,F,12/11/2023,TN,PASSED,NEEDS TO GO TO FINAL INSPECTION,1
40T-159,F,12/11/2023,TN,FAILED,USBC(NO LIGHT),2
40T-160,F,12/11/2023,TN,PASSED,NEEDS TO GO TO FINAL INSPECTION,1
40T-161,F,12/11/2023,TN,PASSED,NEEDS TO GO TO FINAL INSPECTION,1
40T-162,F,12/11/2023,TN,PASSED,NEEDS TO GO TO FINAL INSPECTION,1
40T-163,F,12/11/2023,TN,PASSED,NEEDS TO GO TO FINAL INSPECTION,1
40T-164,F,12/11/2023,TN,PASSED,NEEDS TO GO TO FINAL INSPECTION,1
40T-165,F,12/11/2023,TN,PASSED,NEEDS TO GO TO FINAL INSPECTION,1
40T-166,F,12/11/2023,TN,FAILED,USBC(NO LIGHT),2
40T-167,F,12/11/2023,TN,FAILED,USBC(NO LIGHT),2
40T-168,F,12/11/2023,TN,PASSED,NEEDS TO GO TO FINAL INSPECTION,2
40T-169,F,12/11/2023,TN,PASSED,NEEDS TO GO TO FINAL INSPECTION,1
40T-170,F,12/11/2023,TN,PASSED,NEEDS TO GO TO FINAL INSPECTION,1
40T-171,F,12/11/2023,TN,PASSED,NEEDS TO GO TO FINAL INSPECTION,1
40T-172,F,12/11/2023,TN,PASSED,NEEDS TO GO TO FINAL INSPECTION,1
40T-173,F,12/11/2023,TN,PASSED,NEEDS TO GO TO FINAL INSPECTION,1
40T-174,F,12/11/2023,TN,FAILED,USBC(NO LIGHT),2
40T-175,F,12/11/2023,TN,PASSED,NEEDS TO GO TO FINAL INSPECTION,2
40T-176,F,12/11/2023,TN,PASSED,NEEDS TO GO TO FINAL INSPECTION,1
40T-177,F,12/11/2023,TN,PASSED,NEEDS TO GO TO FINAL INSPECTION,1
40T-178,F,12/11/2023,TN,PASSED,NEEDS TO GO TO FINAL INSPECTION,1
40T-179,F,12/11/2023,TN,PASSED,NEEDS TO GO TO FINAL INSPECTION,1
40T-180,F,12/11/2023,TN,PASSED,NEEDS TO GO TO FINAL INSPECTION,1
40T-181,F,12/11/2023,TN,FAILED,USBC(NO LIGHT),2
40T-182,F,12/11/2023,TN,FAILED,USBC(NO LIGHT),3
40T-183,F,12/11/2023,TN,FAILED,USBC(NO LIGHT),3
40T-184,F,12/11/2023,TN,PASSED,NEEDS TO GO TO FINAL INSPECTION,1
40T-185,F,12/11/2023,TN,FAILED,CHIPPED,2
40T-186,F,12/11/2023,TN,PASSED,NEEDS TO GO TO FINAL INSPECTION,2
40T-187,F,12/11/2023,TN,PASSED,NEEDS TO GO TO FINAL INSPECTION,1
40T-188,F,12/11/2023,TN,PASSED,NEEDS TO GO TO FINAL INSPECTION,1
40T-189,F,12/12/2023,TN,PASSED,NEEDS TO GO TO FINAL INSPECTION,1
40T-190,F,12/12/2023,TN,PASSED,NEEDS TO GO TO FINAL INSPECTION,1
40T-191,F,12/12/2023,TN,PASSED,NEEDS TO GO TO FINAL INSPECTION,1
40T-192,F,12/12/2023,TN,PASSED,NEEDS TO GO TO FINAL INSPECTION,1
40T-193,F,12/12/2023,TN,PASSED,NEEDS TO GO TO FINAL INSPECTION,1
40T-194,F,12/12/2023,TN,PASSED,NEEDS TO GO TO FINAL INSPECTION,1
40T-195,F,12/12/2023,TN,PASSED,NEEDS TO GO TO FINAL INSPECTION,1
40T-196,F,12/12/2023,TN,FAILED,CHIPPED,2
40T-197,F,12/12/2023,TN,PASSED,NEEDS TO GO TO FINAL INSPECTION,1
40T-198,F,12/12/2023,TN,PASSED,NEEDS TO GO TO FINAL INSPECTION,1
40T-199,F,12/12/2023,TN,PASSED,NEEDS TO GO TO FINAL INSPECTION,1
40T-200,F,12/12/2023,TN,PASSED,NEEDS TO GO TO FINAL INSPECTION,1
40T-201,F,12/12/2023,TN,PASSED,NEEDS TO GO TO FINAL INSPECTION,1
40T-202,F,12/12/2023,TN,PASSED,NEEDS TO GO TO FINAL INSPECTION,1
40T-203,F,12/12/2023,TN,PASSED,NEEDS TO GO TO FINAL INSPECTION,1
40T-204,F,12/12/2023,TN,PASSED,NEEDS TO GO TO FINAL INSPECTION,1
40T-205,F,12/12/2023,TN,PASSED,NEEDS TO GO TO FINAL INSPECTION,1
40T-206,F,12/12/2023,TN,FAILED,RVS,2
40T-207,F,12/12/2023,TN,PASSED,NEEDS TO GO TO FINAL INSPECTION,1
40T-208,F,12/12/2023,TN,PASSED,NEEDS TO GO TO FINAL INSPECTION,1
40T-209,F,12/12/2023,TN,PASSED,NEEDS TO GO TO FINAL INSPECTION,1
40T-210,F,12/12/2023,TN,PASSED,NEEDS TO GO TO FINAL INSPECTION,1
40T-211,F,12/12/2023,TN,PASSED,NEEDS TO GO TO FINAL INSPECTION,1
40T-212,F,12/12/2023,TN,PASSED,NEEDS TO GO TO FINAL INSPECTION,1
40T-213,F,12/12/2023,TN,PASSED,NEEDS TO GO TO FINAL INSPECTION,1
40T-214,F,12/12/2023,TN,PASSED,NEEDS TO GO TO FINAL INSPECTION,2
40T-215,F,12/12/2023,TN,PASSED,NEEDS TO GO TO FINAL INSPECTION,1
40T-216,F,12/12/2023,TN,PASSED,NEEDS TO GO TO FINAL INSPECTION,1
40T-217,F,12/12/2023,TN,PASSED,NEEDS TO GO TO FINAL INSPECTION,1
40T-218,F,12/12/2023,TN,PASSED,NEEDS TO GO TO FINAL INSPECTION,1
40T-219,F,12/12/2023,TN,PASSED,NEEDS TO GO TO FINAL INSPECTION,1
40T-220,F,12/12/2023,TN,PASSED,NEEDS TO GO TO FINAL INSPECTION,1
40T-221,F,12/12/2023,TN,PASSED,NEEDS TO GO TO FINAL INSPECTION,1
40T-222,F,12/12/2023,TN,PASSED,NEEDS TO GO TO FINAL INSPECTION,1
40T-223,F,12/12/2023,TN,FAILED,RVS,2
40T-224,F,12/12/2023,TN,PASSED,NEEDS TO GO TO FINAL INSPECTION,1
40T-225,F,12/12/2023,TN,PASSED,NEEDS TO GO TO FINAL INSPECTION,1
40T-226,F,12/12/2023,TN,PASSED,NEEDS TO GO TO FINAL INSPECTION,1
40T-227,F,12/12/2023,TN,PASSED,NEEDS TO GO TO FINAL INSPECTION,1
40T-228,F,12/12/2023,TN,PASSED,NEEDS TO GO TO FINAL INSPECTION,1
40T-229,F,12/12/2023,TN,PASSED,NEEDS TO GO TO FINAL INSPECTION,1
40T-230,F,12/12/2023,TN,FAILED,USBC(NO LIGHT),2
40T-231,F,12/12/2023,TN,PASSED,NEEDS TO GO TO FINAL INSPECTION,1
40T-232,F,12/12/2023,TN,PASSED,NEEDS TO GO TO FINAL INSPECTION,1
40T-233,F,12/13/2023,TN,PASSED,NEEDS TO GO TO FINAL INSPECTION,1
40T-234,F,12/13/2023,TN,FAILED,USBC(NO LIGHT),2
40T-235,F,12/13/2023,TN,PASSED,NEEDS TO GO TO FINAL INSPECTION,1
40T-236,F,12/13/2023,TN,PASSED,NEEDS TO GO TO FINAL INSPECTION,1
40T-237,F,12/13/2023,TN,PASSED,NEEDS TO GO TO FINAL INSPECTION,1
40T-238,F,12/13/2023,TN,PASSED,NEEDS TO GO TO FINAL INSPECTION,1
40T-239,F,12/13/2023,TN,PASSED,NEEDS TO GO TO FINAL INSPECTION,1
40T-240,F,12/13/2023,TN,PASSED,NEEDS TO GO TO FINAL INSPECTION,1
40T-241,F,12/13/2023,TN,PASSED,NEEDS TO GO TO FINAL INSPECTION,1
40T-242,F,12/13/2023,TN,PASSED,NEEDS TO GO TO FINAL INSPECTION,1
40T-243,F,12/13/2023,TN,PASSED,NEEDS TO GO TO FINAL INSPECTION,1
40T-244,F,12/13/2023,TN,PASSED,NEEDS TO GO TO FINAL INSPECTION,1
40T-245,F,12/13/2023,TN,PASSED,NEEDS TO GO TO FINAL INSPECTION,1
40T-246,F,12/13/2023,TN,PASSED,NEEDS TO GO TO FINAL INSPECTION,1
40T-247,F,12/13/2023,TN,PASSED,NEEDS TO GO TO FINAL INSPECTION,1
40T-248,F,12/13/2023,TN,PASSED,NEEDS TO GO TO FINAL INSPECTION,1
40T-249,F,12/13/2023,TN,PASSED,NEEDS TO GO TO FINAL INSPECTION,1
40T-250,F,12/13/2023,TN,PASSED,NEEDS TO GO TO FINAL INSPECTION,1
40T-251,F,12/13/2023,TN,PASSED,NEEDS TO GO TO FINAL INSPECTION,1
40T-252,F,12/13/2023,TN,PASSED,NEEDS TO GO TO FINAL INSPECTION,1
40T-253,F,12/13/2023,TN,PASSED,NEEDS TO GO TO FINAL INSPECTION,1
40T-254,F,12/13/2023,TN,PASSED,NEEDS TO GO TO FINAL INSPECTION,1
40T-255,F,12/13/2023,TN,PASSED,NEEDS TO GO TO FINAL INSPECTION,1
40T-256,F,12/13/2023,TN,PASSED,NEEDS TO GO TO FINAL INSPECTION,1
40T-257,F,12/13/2023,TN,PASSED,NEEDS TO GO TO FINAL INSPECTION,1
40T-258,F,12/13/2023,TN,PASSED,NEEDS TO GO TO FINAL INSPECTION,1
40T-259,F,12/13/2023,TN,PASSED,NEEDS TO GO TO FINAL INSPECTION,1
40T-260,F,12/13/2023,TN,PASSED,NEEDS TO GO TO FINAL INSPECTION,1
40T-261,F,12/13/2023,TN,PASSED,NEEDS TO GO TO FINAL INSPECTION,1
40T-262,F,12/13/2023,TN,PASSED,NEEDS TO GO TO FINAL INSPECTION,1
40T-263,F,12/13/2023,TN,PASSED,NEEDS TO GO TO FINAL INSPECTION,1
40T-264,F,12/13/2023,TN,PASSED,NEEDS TO GO TO FINAL INSPECTION,1
40T-265,F,12/13/2023,TN,PASSED,NEEDS TO GO TO FINAL INSPECTION,1
40T-266,F,12/13/2023,TN,FAILED,USBAC-MAXV,3
40T-267,F,12/13/2023,TN,PASSED,NEEDS TO GO TO FINAL INSPECTION,3
40T-268,F,12/13/2023,TN,FAILED,USBAC-MAXV,2
40T-269,F,12/13/2023,TN,PASSED,NEEDS TO GO TO FINAL INSPECTION,1
40T-270,F,12/13/2023,TN,PASSED,NEEDS TO GO TO FINAL INSPECTION,1
40T-271,F,12/13/2023,TN,PASSED,NEEDS TO GO TO FINAL INSPECTION,1
40T-272,F,12/13/2023,TN,PASSED,NEEDS TO GO TO FINAL INSPECTION,1
40T-273,F,12/13/2023,TN,PASSED,NEEDS TO GO TO FINAL INSPECTION,1
40T-274,F,12/13/2023,TN,PASSED,NEEDS TO GO TO FINAL INSPECTION,1
40T-275,F,12/13/2023,TN,PASSED,NEEDS TO GO TO FINAL INSPECTION,1
40T-276,F,12/13/2023,TN,PASSED,NEEDS TO GO TO FINAL INSPECTION,1
40T-277,F,12/13/2023,TN,PASSED,NEEDS TO GO TO FINAL INSPECTION,1
40T-278,F,12/14/2023,TN,PASSED,NEEDS TO GO TO FINAL INSPECTION,1
40T-279,F,12/14/2023,TN,PASSED,NEEDS TO GO TO FINAL INSPECTION,1
40T-280,F,12/14/2023,TN,PASSED,NEEDS TO GO TO FINAL INSPECTION,1
40T-281,F,12/14/2023,TN,FAILED,USBAC-MAXV,3
40T-282,F,12/14/2023,TN,PASSED,NEEDS TO GO TO FINAL INSPECTION,1
40T-283,F,12/14/2023,TN,PASSED,NEEDS TO GO TO FINAL INSPECTION,1
40T-284,F,12/14/2023,TN,PASSED,NEEDS TO GO TO FINAL INSPECTION,1
40T-285,F,12/14/2023,TN,PASSED,NEEDS TO GO TO FINAL INSPECTION,1
40T-286,F,12/14/2023,TN,PASSED,NEEDS TO GO TO FINAL INSPECTION,1
40T-287,F,12/14/2023,TN,PASSED,NEEDS TO GO TO FINAL INSPECTION,1
40T-288,F,12/14/2023,TN,PASSED,NEEDS TO GO TO FINAL INSPECTION,1
40T-289,F,12/14/2023,TN,PASSED,NEEDS TO GO TO FINAL INSPECTION,1
40T-290,F,12/14/2023,TN,PASSED,NEEDS TO GO TO FINAL INSPECTION,1
40T-291,F,12/14/2023,TN,PASSED,NEEDS TO GO TO FINAL INSPECTION,1
40T-292,F,12/14/2023,TN,PASSED,NEEDS TO GO TO FINAL INSPECTION,1
40T-293,F,12/14/2023,TN,FAILED,USBAC-MAXV,2
40T-294,F,12/14/2023,TN,PASSED,NEEDS TO GO TO FINAL INSPECTION,1
40T-295,F,12/14/2023,TN,PASSED,NEEDS TO GO TO FINAL INSPECTION,1
40T-296,F,12/14/2023,TN,PASSED,NEEDS TO GO TO FINAL INSPECTION,1
40T-297,F,12/14/2023,TN,PASSED,NEEDS TO GO TO FINAL INSPECTION,1
40T-298,F,12/14/2023,TN,PASSED,NEEDS TO GO TO FINAL INSPECTION,1
40T-299,F,12/14/2023,TN,PASSED,NEEDS TO GO TO FINAL INSPECTION,1
40T-300,F,12/14/2023,TN,PASSED,NEEDS TO GO TO FINAL INSPECTION,1
40T-301,F,12/14/2023,TN,PASSED,NEEDS TO GO TO FINAL INSPECTION,1
40T-302,F,12/14/2023,TN,PASSED,NEEDS TO GO TO FINAL INSPECTION,1
40T-303,F,12/14/2023,TN,PASSED,NEEDS TO GO TO FINAL INSPECTION,1
40T-304,F,12/14/2023,TN,PASSED,NEEDS TO GO TO FINAL INSPECTION,1
40T-305,F,12/14/2023,TN,PASSED,NEEDS TO GO TO FINAL INSPECTION,1
40T-306,F,12/14/2023,TN,PASSED,NEEDS TO GO TO FINAL INSPECTION,1
40T-307,F,12/14/2023,TN,PASSED,NEEDS TO GO TO FINAL INSPECTION,1
40T-308,F,12/14/2023,TN,PASSED,NEEDS TO GO TO FINAL INSPECTION,1
40T-309,F,12/14/2023,TN,PASSED,NEEDS TO GO TO FINAL INSPECTION,2
40T-310,F,12/14/2023,TN,PASSED,NEEDS TO GO TO FINAL INSPECTION,1
40T-311,F,12/14/2023,TN,PASSED,NEEDS TO GO TO FINAL INSPECTION,1
40T-312,F,12/14/2023,TN,PASSED,NEEDS TO GO TO FINAL INSPECTION,1
40T-313,F,12/14/2023,TN,PASSED,NEEDS TO GO TO FINAL INSPECTION,1
40T-314,F,12/14/2023,TN,PASSED,NEEDS TO GO TO FINAL INSPECTION,1
40T-315,F,12/14/2023,TN,PASSED,NEEDS TO GO TO FINAL INSPECTION,1
40T-316,F,12/14/2023,TN,PASSED,NEEDS TO GO TO FINAL INSPECTION,1
40T-317,F,12/14/2023,TN,PASSED,NEEDS TO GO TO FINAL INSPECTION,1
40T-318,F,12/14/2023,TN,PASSED,NEEDS TO GO TO FINAL INSPECTION,2
40T-319,F,12/14/2023,TN,PASSED,NEEDS TO GO TO FINAL INSPECTION,1
40T-320,F,12/14/2023,TN,FAILED,USBAC-MAXV,2
40T-321,F,12/14/2023,TN,PASSED,NEEDS TO GO TO FINAL INSPECTION,1
40T-322,F,12/14/2023,TN,PASSED,NEEDS TO GO TO FINAL INSPECTION,1
40T-323,F,12/14/2023,TN,PASSED,NEEDS TO GO TO FINAL INSPECTION,1
40T-324,F,12/14/2023,TN,PASSED,NEEDS TO GO TO FINAL INSPECTION,1
40T-325,F,12/15/2023,TN,PASSED,NEEDS TO GO TO FINAL INSPECTION,1
40T-326,F,12/15/2023,TN,PASSED,NEEDS TO GO TO FINAL INSPECTION,1
40T-327,F,12/15/2023,TN,PASSED,NEEDS TO GO TO FINAL INSPECTION,1
40T-328,F,12/15/2023,TN,PASSED,NEEDS TO GO TO FINAL INSPECTION,1
40T-329,F,12/15/2023,TN,PASSED,NEEDS TO GO TO FINAL INSPECTION,1
40T-330,F,12/15/2023,TN,PASSED,NEEDS TO GO TO FINAL INSPECTION,1
40T-331,F,12/15/2023,TN,PASSED,NEEDS TO GO TO FINAL INSPECTION,1
40T-332,F,12/15/2023,TN,PASSED,NEEDS TO GO TO FINAL INSPECTION,1
40T-333,F,12/15/2023,TN,PASSED,NEEDS TO GO TO FINAL INSPECTION,1
40T-334,F,12/15/2023,TN,PASSED,NEEDS TO GO TO FINAL INSPECTION,1
40T-335,F,12/15/2023,TN,PASSED,NEEDS TO GO TO FINAL INSPECTION,1
40T-336,F,12/15/2023,TN,PASSED,NEEDS TO GO TO FINAL INSPECTION,1
40T-337,F,12/15/2023,TN,PASSED,NEEDS TO GO TO FINAL INSPECTION,1
40T-338,F,12/15/2023,TN,PASSED,NEEDS TO GO TO FINAL INSPECTION,1
40T-339,F,12/15/2023,TN,PASSED,NEEDS TO GO TO FINAL INSPECTION,1
40T-340,F,12/15/2023,TN,PASSED,NEEDS TO GO TO FINAL INSPECTION,1
40T-341,F,12/15/2023,TN,PASSED,NEEDS TO GO TO FINAL INSPECTION,1
40T-342,F,12/15/2023,TN,FAILED,USBAC-MAXV,2
40T-343,F,12/15/2023,TN,PASSED,NEEDS TO GO TO FINAL INSPECTION,2
40T-344,F,12/15/2023,TN,PASSED,NEEDS TO GO TO FINAL INSPECTION,3
40T-345,F,12/15/2023,TN,PASSED,NEEDS TO GO TO FINAL INSPECTION,1
40T-346,F,12/16/2023,TN,PASSED,NEEDS TO GO TO FINAL INSPECTION,1
40T-347,F,12/16/2023,TN,PASSED,NEEDS TO GO TO FINAL INSPECTION,1
40T-348,F,12/16/2023,TN,FAILED,USBC-1A5-CL,2
40T-349,F,12/16/2023,TN,PASSED,NEEDS TO GO TO FINAL INSPECTION,1
40T-350,F,12/16/2023,TN,PASSED,NEEDS TO GO TO FINAL INSPECTION,1
40T-351,F,12/16/2023,TN,PASSED,NEEDS TO GO TO FINAL INSPECTION,1
40T-352,F,12/16/2023,TN,PASSED,NEEDS TO GO TO FINAL INSPECTION,1
40T-353,F,12/16/2023,TN,PASSED,NEEDS TO GO TO FINAL INSPECTION,1
40T-354,F,12/16/2023,TN,PASSED,NEEDS TO GO TO FINAL INSPECTION,1
40T-355,F,12/18/2023,TN,FAILED,USBC-1A5-CL,3
40T-356,F,12/18/2023,TN,PASSED,NEEDS TO GO TO FINAL INSPECTION,3
40T-357,F,12/19/2023,TN,PASSED,NEEDS TO GO TO FINAL INSPECTION,1
40T-358,F,12/19/2023,TN,PASSED,NEEDS TO GO TO FINAL INSPECTION,1
40T-359,F,12/19/2023,TN,PASSED,NEEDS TO GO TO FINAL INSPECTION,1
40T-360,F,12/19/2023,TN,PASSED,NEEDS TO GO TO FINAL INSPECTION,1
40T-361,F,12/19/2023,TN,PASSED,NEEDS TO GO TO FINAL INSPECTION,1
40T-362,F,12/19/2023,TN,PASSED,NEEDS TO GO TO FINAL INSPECTION,1
40T-363,F,12/19/2023,TN,PASSED,NEEDS TO GO TO FINAL INSPECTION,1
40T-364,F,12/19/2023,TN,PASSED,NEEDS TO GO TO FINAL INSPECTION,1
40T-365,F,12/20/2023,TN,PASSED,NEEDS TO GO TO FINAL INSPECTION,1
40T-366,F,12/20/2023,TN,PASSED,NEEDS TO GO TO FINAL INSPECTION,1
40T-367,F,12/20/2023,TN,PASSED,NEEDS TO GO TO FINAL INSPECTION,1
40T-368,F,12/20/2023,TN,PASSED,NEEDS TO GO TO FINAL INSPECTION,1
40T-369,F,12/20/2023,TN,PASSED,NEEDS TO GO TO FINAL INSPECTION,1
40T-370,F,12/20/2023,TN,PASSED,NEEDS TO GO TO FINAL INSPECTION,1
40T-371,F,12/20/2023,TN,PASSED,NEEDS TO GO TO FINAL INSPECTION,1
40T-372,F,12/20/2023,TN,PASSED,NEEDS TO GO TO FINAL INSPECTION,1
40T-373,F,12/22/2023,TN,PASSED,NEEDS TO GO TO FINAL INSPECTION,1
40T-374,F,12/22/2023,TN,PASSED,NEEDS TO GO TO FINAL INSPECTION,1
40T-375,F,12/22/2023,TN,FAILED,USBC-1A5-CL,3
40T-376,F,12/22/2023,TN,PASSED,NEEDS TO GO TO FINAL INSPECTION,3
40T-377,F,12/22/2023,TN,PASSED,NEEDS TO GO TO FINAL INSPECTION,1
40T-378,F,12/22/2023,TN,PASSED,NEEDS TO GO TO FINAL INSPECTION,1
40T-379,F,12/22/2023,TN,PASSED,NEEDS TO GO TO FINAL INSPECTION,1
40T-380,F,12/22/2023,TN,FAILED,USBC-1A5-CL,4
40T-381,F,12/22/2023,TN,PASSED,NEEDS TO GO TO FINAL INSPECTION,1
40T-382,F,12/22/2023,TN,PASSED,NEEDS TO GO TO FINAL INSPECTION,1
40T-383,F,12/22/2023,TN,PASSED,NEEDS TO GO TO FINAL INSPECTION,1
40T-384,F,12/22/2023,TN,PASSED,NEEDS TO GO TO FINAL INSPECTION,1
40T-385,F,12/22/2023,TN,PASSED,NEEDS TO GO TO FINAL INSPECTION,1
40T-386,F,12/22/2023,TN,PASSED,NEEDS TO GO TO FINAL INSPECTION,1
40T-387,F,12/22/2023,TN,PASSED,NEEDS TO GO TO FINAL INSPECTION,1
40T-388,F,12/22/2023,TN,PASSED,NEEDS TO GO TO FINAL INSPECTION,1
40T-389,F,12/26/2023,TN,PASSED,NEEDS TO GO TO FINAL INSPECTION,1
40T-390,F,12/26/2023,TN,PASSED,NEEDS TO GO TO FINAL INSPECTION,1
40T-391,F,12/26/2023,TN,PASSED,NEEDS TO GO TO FINAL INSPECTION,1
40T-392,F,12/26/2023,TN,PASSED,NEEDS TO GO TO FINAL INSPECTION,1
40T-393,F,12/26/2023,TN,FAILED,USBC-1A5-CL,2
40T-394,F,12/26/2023,TN,PASSED,NEEDS TO GO TO FINAL INSPECTION,1
40T-395,F,12/26/2023,TN,PASSED,NEEDS TO GO TO FINAL INSPECTION,1
40T-396,F,12/26/2023,TN,PASSED,NEEDS TO GO TO FINAL INSPECTION,1
40T-397,F,12/26/2023,TN,PASSED,NEEDS TO GO TO FINAL INSPECTION,1
40T-398,F,12/26/2023,TN,FAILED,USBC-1A5-CL,2
40T-399,F,12/26/2023,TN,PASSED,NEEDS TO GO TO FINAL INSPECTION,1
40T-400,F,12/26/2023,TN,PASSED,NEEDS TO GO TO FINAL INSPECTION,1
40T-401,F,12/26/2023,TN,PASSED,NEEDS TO GO TO FINAL INSPECTION,1
40T-402,F,12/26/2023,TN,PASSED,NEEDS TO GO TO FINAL INSPECTION,1
40T-403,F,12/26/2023,TN,PASSED,NEEDS TO GO TO FINAL INSPECTION,1
40T-404,F,12/26/2023,TN,PASSED,NEEDS TO GO TO FINAL INSPECTION,1
40T-405,F,12/26/2023,TN,PASSED,NEEDS TO GO TO FINAL INSPECTION,1
40T-406,F,12/26/2023,TN,PASSED,NEEDS TO GO TO FINAL INSPECTION,1
40T-407,F,12/26/2023,TN,PASSED,NEEDS TO GO TO FINAL INSPECTION,1
40T-408,F,12/26/2023,TN,PASSED,NEEDS TO GO TO FINAL INSPECTION,1
40T-409,F,12/26/2023,TN,PASSED,NEEDS TO GO TO FINAL INSPECTION,1
40T-410,F,12/26/2023,TN,FAILED,USBC-1A5-CL,2
40T-411,F,12/26/2023,TN,PASSED,NEEDS TO GO TO FINAL INSPECTION,1
40T-412,F,12/26/2023,TN,PASSED,NEEDS TO GO TO FINAL INSPECTION,1
40T-413,F,12/26/2023,TN,FAILED,USBA-NO Light,2
40T-414,F,12/26/2023,TN,PASSED,NEEDS TO GO TO FINAL INSPECTION,2
40T-415,F,12/26/2023,TN,PASSED,NEEDS TO GO TO FINAL INSPECTION,1
40T-416,F,12/26/2023,TN,FAILED,USBC-1A5-CL,2
40T-417,F,12/26/2023,TN,PASSED,NEEDS TO GO TO FINAL INSPECTION,2
40T-418,F,12/26/2023,TN,PASSED,NEEDS TO GO TO FINAL INSPECTION,1
40T-419,F,12/26/2023,TN,PASSED,NEEDS TO GO TO FINAL INSPECTION,1
40T-420,F,12/26/2023,TN,PASSED,NEEDS TO GO TO FINAL INSPECTION,1
40T-421,F,12/26/2023,TN,FAILED,USBC-1A5-CL,2
40T-422,F,12/26/2023,TN,PASSED,NEEDS TO GO TO FINAL INSPECTION,1
40T-423,F,12/26/2023,TN,PASSED,NEEDS TO GO TO FINAL INSPECTION,1
40T-424,F,12/26/2023,TN,FAILED,USBC-1A5-CL,3
40T-425,F,12/26/2023,TN,PASSED,NEEDS TO GO TO FINAL INSPECTION,1
40T-426,F,12/26/2023,TN,PASSED,NEEDS TO GO TO FINAL INSPECTION,1
40T-427,F,12/26/2023,TN,PASSED,NEEDS TO GO TO FINAL INSPECTION,1
40T-428,F,12/26/2023,TN,PASSED,NEEDS TO GO TO FINAL INSPECTION,1
40T-429,F,12/26/2023,TN,PASSED,NEEDS TO GO TO FINAL INSPECTION,1
40T-430,F,12/27/2023,TN,PASSED,NEEDS TO GO TO FINAL INSPECTION,1
40T-431,F,12/27/2023,TN,PASSED,NEEDS TO GO TO FINAL INSPECTION,1
40T-432,F,12/27/2023,TN,PASSED,NEEDS TO GO TO FINAL INSPECTION,1
40T-433,F,12/27/2023,TN,PASSED,NEEDS TO GO TO FINAL INSPECTION,1
40T-434,F,12/27/2023,TN,PASSED,NEEDS TO GO TO FINAL INSPECTION,1
40T-435,F,12/27/2023,TN,PASSED,NEEDS TO GO TO FINAL INSPECTION,1
40T-436,F,12/27/2023,TN,PASSED,NEEDS TO GO TO FINAL INSPECTION,1
40T-437,F,12/27/2023,TN,PASSED,NEEDS TO GO TO FINAL INSPECTION,1
40T-438,F,12/27/2023,TN,FAILED,USBA-COMM,2
40T-439,F,12/27/2023,TN,PASSED,NEEDS TO GO TO FINAL INSPECTION,1
40T-440,F,12/27/2023,TN,PASSED,NEEDS TO GO TO FINAL INSPECTION,1
40T-441,F,12/27/2023,TN,PASSED,NEEDS TO GO TO FINAL INSPECTION,1
40T-442,F,12/27/2023,TN,PASSED,NEEDS TO GO TO FINAL INSPECTION,1
40T-443,F,12/27/2023,TN,PASSED,NEEDS TO GO TO FINAL INSPECTION,1
40T-444,F,12/27/2023,TN,PASSED,NEEDS TO GO TO FINAL INSPECTION,1
40T-445,F,12/27/2023,TN,PASSED,NEEDS TO GO TO FINAL INSPECTION,1
40T-446,F,12/27/2023,TN,PASSED,NEEDS TO GO TO FINAL INSPECTION,1
40T-447,F,12/27/2023,TN,PASSED,NEEDS TO GO TO FINAL INSPECTION,1
40T-448,F,12/27/2023,TN,PASSED,NEEDS TO GO TO FINAL INSPECTION,1
40T-449,F,12/27/2023,TN,PASSED,NEEDS TO GO TO FINAL INSPECTION,1
40T-450,F,12/27/2023,TN,PASSED,NEEDS TO GO TO FINAL INSPECTION,1
40T-451,F,12/27/2023,TN,PASSED,NEEDS TO GO TO FINAL INSPECTION,1
40T-452,F,12/27/2023,TN,PASSED,NEEDS TO GO TO FINAL INSPECTION,1
40T-453,F,12/27/2023,TN,PASSED,NEEDS TO GO TO FINAL INSPECTION,1
40T-454,F,12/27/2023,TN,PASSED,NEEDS TO GO TO FINAL INSPECTION,1
40T-455,F,12/27/2023,TN,PASSED,NEEDS TO GO TO FINAL INSPECTION,1
40T-456,F,12/27/2023,TN,PASSED,NEEDS TO GO TO FINAL INSPECTION,1
40T-457,F,12/27/2023,TN,PASSED,NEEDS TO GO TO FINAL INSPECTION,1
40T-458,F,12/27/2023,TN,PASSED,NEEDS TO GO TO FINAL INSPECTION,1
40T-459,F,12/27/2023,TN,PASSED,NEEDS TO GO TO FINAL INSPECTION,1
40T-460,F,12/27/2023,TN,PASSED,NEEDS TO GO TO FINAL INSPECTION,1
40T-461,F,12/27/2023,TN,PASSED,NEEDS TO GO TO FINAL INSPECTION,1
40T-462,F,12/27/2023,TN,PASSED,NEEDS TO GO TO FINAL INSPECTION,1
40T-463,F,12/27/2023,TN,PASSED,NEEDS TO GO TO FINAL INSPECTION,1
40T-464,F,12/27/2023,TN,PASSED,NEEDS TO GO TO FINAL INSPECTION,1
40T-465,F,12/27/2023,TN,PASSED,NEEDS TO GO TO FINAL INSPECTION,1
40T-466,F,12/27/2023,TN,FAILED,USBA-COMM,2
40T-467,F,12/27/2023,TN,PASSED,NEEDS TO GO TO FINAL INSPECTION,1
40T-468,F,12/27/2023,TN,PASSED,NEEDS TO GO TO FINAL INSPECTION,1
40T-469,F,12/27/2023,TN,PASSED,NEEDS TO GO TO FINAL INSPECTION,1
40T-470,F,12/27/2023,TN,PASSED,NEEDS TO GO TO FINAL INSPECTION,1
40T-471,F,12/27/2023,TN,PASSED,NEEDS TO GO TO FINAL INSPECTION,1
40T-472,F,12/27/2023,TN,PASSED,NEEDS TO GO TO FINAL INSPECTION,1
40T-473,F,12/27/2023,TN,PASSED,NEEDS TO GO TO FINAL INSPECTION,1
40T-474,F,12/27/2023,TN,PASSED,NEEDS TO GO TO FINAL INSPECTION,1
40T-475,F,12/27/2023,TN,PASSED,NEEDS TO GO TO FINAL INSPECTION,1
40T-476,F,12/27/2023,TN,PASSED,NEEDS TO GO TO FINAL INSPECTION,1
40T-477,F,12/27/2023,TN,PASSED,NEEDS TO GO TO FINAL INSPECTION,1
40T-478,F,12/27/2023,TN,PASSED,NEEDS TO GO TO FINAL INSPECTION,1
40T-479,F,12/28/2023,TN,PASSED,NEEDS TO GO TO FINAL INSPECTION,3
40T-480,F,12/28/2023,TN,PASSED,NEEDS TO GO TO FINAL INSPECTION,1
40T-481,F,12/28/2023,TN,PASSED,NEEDS TO GO TO FINAL INSPECTION,1
40T-482,F,12/28/2023,TN,PASSED,NEEDS TO GO TO FINAL INSPECTION,1
40T-483,F,12/28/2023,TN,PASSED,NEEDS TO GO TO FINAL INSPECTION,1
40T-484,F,12/28/2023,TN,PASSED,NEEDS TO GO TO FINAL INSPECTION,1
40T-485,F,12/28/2023,TN,PASSED,NEEDS TO GO TO FINAL INSPECTION,1
40T-486,F,12/28/2023,TN,PASSED,NEEDS TO GO TO FINAL INSPECTION,1
40T-487,F,12/28/2023,TN,PASSED,NEEDS TO GO TO FINAL INSPECTION,1
40T-488,F,12/28/2023,TN,PASSED,NEEDS TO GO TO FINAL INSPECTION,1
40T-489,F,12/28/2023,TN,PASSED,NEEDS TO GO TO FINAL INSPECTION,1
40T-490,F,12/28/2023,TN,PASSED,NEEDS TO GO TO FINAL INSPECTION,1
40T-491,F,12/28/2023,TN,PASSED,NEEDS TO GO TO FINAL INSPECTION,1
40T-492,F,12/28/2023,TN,PASSED,NEEDS TO GO TO FINAL INSPECTION,1
40T-493,F,12/28/2023,TN,PASSED,NEEDS TO GO TO FINAL INSPECTION,1
40T-494,F,12/28/2023,TN,PASSED,NEEDS TO GO TO FINAL INSPECTION,1
40T-495,F,12/28/2023,TN,PASSED,NEEDS TO GO TO FINAL INSPECTION,1
40T-496,F,12/28/2023,TN,PASSED,NEEDS TO GO TO FINAL INSPECTION,1
40T-497,F,12/28/2023,TN,PASSED,NEEDS TO GO TO FINAL INSPECTION,1
40T-498,F,12/28/2023,TN,PASSED,NEEDS TO GO TO FINAL INSPECTION,1
40T-499,F,12/28/2023,TN,PASSED,NEEDS TO GO TO FINAL INSPECTION,1
40T-500,F,12/28/2023,TN,PASSED,NEEDS TO GO TO FINAL INSPECTION,1
40T-501,F,12/28/2023,TN,PASSED,NEEDS TO GO TO FINAL INSPECTION,2
40T-502,F,12/28/2023,TN,PASSED,NEEDS TO GO TO FINAL INSPECTION,1
40T-503,F,12/28/2023,TN,PASSED,NEEDS TO GO TO FINAL INSPECTION,1
40T-504,F,12/28/2023,TN,PASSED,NEEDS TO GO TO FINAL INSPECTION,1
40T-505,F,12/28/2023,TN,PASSED,NEEDS TO GO TO FINAL INSPECTION,1
40T-506,F,12/28/2023,TN,PASSED,NEEDS TO GO TO FINAL INSPECTION,1
40T-507,F,12/28/2023,TN,PASSED,NEEDS TO GO TO FINAL INSPECTION,1
40T-508,F,12/28/2023,TN,FAILED,USBA-COMM,2
40T-509,F,12/28/2023,TN,PASSED,NEEDS TO GO TO FINAL INSPECTION,1
40T-510,F,12/28/2023,TN,FAILED,USBA-COMM,2
40T-511,F,12/28/2023,TN,PASSED,NEEDS TO GO TO FINAL INSPECTION,1
40T-512,F,12/28/2023,TN,PASSED,NEEDS TO GO TO FINAL INSPECTION,1
40T-513,F,12/28/2023,TN,PASSED,NEEDS TO GO TO FINAL INSPECTION,1
40T-514,F,12/28/2023,TN,PASSED,NEEDS TO GO TO FINAL INSPECTION,1
40T-515,F,12/28/2023,TN,PASSED,NEEDS TO GO TO FINAL INSPECTION,1
40T-516,F,12/28/2023,TN,PASSED,NEEDS TO GO TO FINAL INSPECTION,1
40T-517,F,12/28/2023,TN,PASSED,NEEDS TO GO TO FINAL INSPECTION,1
40T-518,F,12/28/2023,TN,PASSED,NEEDS TO GO TO FINAL INSPECTION,1
40T-519,F,12/28/2023,TN,PASSED,NEEDS TO GO TO FINAL INSPECTION,1
40T-520,F,12/28/2023,TN,PASSED,NEEDS TO GO TO FINAL INSPECTION,1
40T-521,F,12/28/2023,TN,PASSED,NEEDS TO GO TO FINAL INSPECTION,1
40T-522,F,12/28/2023,TN,PASSED,NEEDS TO GO TO FINAL INSPECTION,1
40T-523,F,12/28/2023,TN,PASSED,NEEDS TO GO TO FINAL INSPECTION,1
40T-524,F,12/28/2023,TN,PASSED,NEEDS TO GO TO FINAL INSPECTION,1
40T-525,F,12/28/2023,TN,PASSED,NEEDS TO GO TO FINAL INSPECTION,1
40T-526,F,12/28/2023,TN,PASSED,NEEDS TO GO TO FINAL INSPECTION,2
40T-527,F,12/28/2023,TN,PASSED,NEEDS TO GO TO FINAL INSPECTION,2
40T-528,F,12/28/2023,TN,PASSED,NEEDS TO GO TO FINAL INSPECTION,1
40T-529,F,12/28/2023,TN,PASSED,NEEDS TO GO TO FINAL INSPECTION,1
40T-530,F,12/28/2023,TN,PASSED,NEEDS TO GO TO FINAL INSPECTION,1
40T-531,F,12/28/2023,TN,PASSED,NEEDS TO GO TO FINAL INSPECTION,1
40T-532,F,12/28/2023,TN,PASSED,NEEDS TO GO TO FINAL INSPECTION,1
40T-533,F,12/28/2023,TN,PASSED,NEEDS TO GO TO FINAL INSPECTION,2
40T-534,F,12/28/2023,TN,PASSED,NEEDS TO GO TO FINAL INSPECTION,1
40T-535,F,12/28/2023,TN,PASSED,NEEDS TO GO TO FINAL INSPECTION,2
40T-536,F,12/28/2023,TN,PASSED,NEEDS TO GO TO FINAL INSPECTION,2
40T-537,F,12/28/2023,TN,PASSED,NEEDS TO GO TO FINAL INSPECTION,1
40T-538,F,12/28/2023,TN,PASSED,NEEDS TO GO TO FINAL INSPECTION,1
40T-539,F,12/28/2023,TN,PASSED,NEEDS TO GO TO FINAL INSPECTION,1
40T-540,F,12/28/2023,TN,FAILED,USBA-COMM,2
40T-541,F,12/28/2023,TN,PASSED,NEEDS TO GO TO FINAL INSPECTION,1
40T-542,F,12/28/2023,TN,PASSED,NEEDS TO GO TO FINAL INSPECTION,1
40T-543,F,12/28/2023,TN,PASSED,NEEDS TO GO TO FINAL INSPECTION,1
40T-544,F,12/28/2023,TN,PASSED,NEEDS TO GO TO FINAL INSPECTION,2
40T-545,F,12/28/2023,TN,PASSED,NEEDS TO GO TO FINAL INSPECTION,1
40T-546,F,12/28/2023,TN,PASSED,NEEDS TO GO TO FINAL INSPECTION,2
40T-547,F,12/28/2023,TN,PASSED,NEEDS TO GO TO FINAL INSPECTION,1
40T-548,F,12/28/2023,TN,PASSED,NEEDS TO GO TO FINAL INSPECTION,1
40T-549,F,12/28/2023,TN,PASSED,NEEDS TO GO TO FINAL INSPECTION,2
40T-550,F,12/28/2023,TN,PASSED,NEEDS TO GO TO FINAL INSPECTION,2
40T-551,F,12/28/2023,TN,PASSED,NEEDS TO GO TO FINAL INSPECTION,2
40T-552,F,12/28/2023,TN,PASSED,NEEDS TO GO TO FINAL INSPECTION,2
40T-553,F,12/28/2023,TN,PASSED,NEEDS TO GO TO FINAL INSPECTION,1
40T-554,F,12/28/2023,TN,PASSED,NEEDS TO GO TO FINAL INSPECTION,3
40T-555,F,12/28/2023,TN,PASSED,NEEDS TO GO TO FINAL INSPECTION,3
40T-556,F,12/28/2023,TN,PASSED,NEEDS TO GO TO FINAL INSPECTION,2
40T-557,F,12/28/2023,TN,PASSED,NEEDS TO GO TO FINAL INSPECTION,2
40T-558,F,12/28/2023,TN,PASSED,NEEDS TO GO TO FINAL INSPECTION,1
40T-559,F,12/28/2023,TN,PASSED,NEEDS TO GO TO FINAL INSPECTION,2
40T-560,F,12/28/2023,TN,PASSED,NEEDS TO GO TO FINAL INSPECTION,2
40T-561,F,12/29/2023,TN,PASSED,NEEDS TO GO TO FINAL INSPECTION,1
40T-562,F,12/29/2023,TN,PASSED,NEEDS TO GO TO FINAL INSPECTION,1
40T-563,F,12/29/2023,TN,PASSED,NEEDS TO GO TO FINAL INSPECTION,1
40T-564,F,12/29/2023,TN,PASSED,NEEDS TO GO TO FINAL INSPECTION,1
40T-565,F,12/29/2023,TN,PASSED,NEEDS TO GO TO FINAL INSPECTION,2
40T-566,F,12/29/2023,TN,PASSED,NEEDS TO GO TO FINAL INSPECTION,2
40T-567,F,12/29/2023,TN,FAILED,USBA-COMM,2
40T-568,F,12/29/2023,TN,PASSED,NEEDS TO GO TO FINAL INSPECTION,2
40T-569,F,12/29/2023,TN,PASSED,NEEDS TO GO TO FINAL INSPECTION,2
40T-570,F,12/29/2023,TN,PASSED,NEEDS TO GO TO FINAL INSPECTION,2
40T-571,F,12/29/2023,TN,PASSED,NEEDS TO GO TO FINAL INSPECTION,2
40T-572,F,12/29/2023,TN,PASSED,NEEDS TO GO TO FINAL INSPECTION,2
40T-573,F,12/29/2023,TN,PASSED,NEEDS TO GO TO FINAL INSPECTION,2
40T-574,F,12/29/2023,TN,PASSED,NEEDS TO GO TO FINAL INSPECTION,3
40T-575,F,12/29/2023,TN,FAILED,USBA-COMM,3
40T-576,F,12/29/2023,TN,PASSED,NEEDS TO GO TO FINAL INSPECTION,2
40T-577,F,12/29/2023,TN,FAILED,USBA-COMM,3
40T-578,F,12/29/2023,TN,PASSED,NEEDS TO GO TO FINAL INSPECTION,2
40T-579,F,12/29/2023,TN,PASSED,NEEDS TO GO TO FINAL INSPECTION,2
40T-580,F,12/29/2023,TN,PASSED,NEEDS TO GO TO FINAL INSPECTION,2
40T-581,F,12/29/2023,TN,PASSED,NEEDS TO GO TO FINAL INSPECTION,1
40T-582,F,12/29/2023,TN,FAILED,USBA-COMM,2
40T-583,F,12/29/2023,TN,PASSED,NEEDS TO GO TO FINAL INSPECTION,1
40T-584,F,12/29/2023,TN,PASSED,NEEDS TO GO TO FINAL INSPECTION,1
40T-585,F,12/29/2023,TN,FAILED,USBA-COMM,2
40T-586,F,12/29/2023,TN,PASSED,NEEDS TO GO TO FINAL INSPECTION,1
40T-587,F,12/29/2023,TN,PASSED,NEEDS TO GO TO FINAL INSPECTION,1
40T-588,F,12/29/2023,TN,PASSED,NEEDS TO GO TO FINAL INSPECTION,1
40T-589,F,12/29/2023,TN,PASSED,NEEDS TO GO TO FINAL INSPECTION,1
40T-590,F,12/29/2023,TN,PASSED,NEEDS TO GO TO FINAL INSPECTION,1
40T-591,F,12/29/2023,TN,PASSED,NEEDS TO GO TO FINAL INSPECTION,1
40T-592,F,12/29/2023,TN,PASSED,NEEDS TO GO TO FINAL INSPECTION,1
40T-593,F,12/29/2023,TN,FAILED,USBC(NO LIGHT),2
40T-594,F,12/29/2023,TN,PASSED,NEEDS TO GO TO FINAL INSPECTION,3
40T-595,F,12/29/2023,TN,PASSED,NEEDS TO GO TO FINAL INSPECTION,3
40T-596,F,12/29/2023,TN,PASSED,NEEDS TO GO TO FINAL INSPECTION,2
40T-597,F,12/29/2023,TN,PASSED,NEEDS TO GO TO FINAL INSPECTION,2
40T-598,F,12/29/2023,TN,PASSED,NEEDS TO GO TO FINAL INSPECTION,1
40T-599,F,12/29/2023,TN,PASSED,NEEDS TO GO TO FINAL INSPECTION,1
40T-600,F,12/29/2023,TN,PASSED,NEEDS TO GO TO FINAL INSPECTION,1
40T-601,F,12/29/2023,TN,PASSED,NEEDS TO GO TO FINAL INSPECTION,1
40T-602,F,12/29/2023,TN,PASSED,NEEDS TO GO TO FINAL INSPECTION,1
40T-603,F,12/29/2023,TN,PASSED,NEEDS TO GO TO FINAL INSPECTION,1
40T-604,F,12/29/2023,TN,PASSED,NEEDS TO GO TO FINAL INSPECTION,1
40T-605,F,12/29/2023,TN,PASSED,NEEDS TO GO TO FINAL INSPECTION,2
40T-606,F,12/29/2023,TN,PASSED,NEEDS TO GO TO FINAL INSPECTION,1
40T-607,F,12/29/2023,TN,PASSED,NEEDS TO GO TO FINAL INSPECTION,1
40T-608,F,12/29/2023,TN,PASSED,NEEDS TO GO TO FINAL INSPECTION,1
40T-609,F,12/29/2023,TN,PASSED,NEEDS TO GO TO FINAL INSPECTION,1
40T-610,F,12/29/2023,TN,PASSED,NEEDS TO GO TO FINAL INSPECTION,1
40T-611,F,12/29/2023,TN,PASSED,NEEDS TO GO TO FINAL INSPECTION,1
40T-612,F,12/29/2023,TN,FAILED,USBC(NO LIGHT),4
40T-613,F,12/29/2023,TN,FAILED,USBC(NO LIGHT),2
40T-614,F,12/29/2023,TN,PASSED,NEEDS TO GO TO FINAL INSPECTION,2
40T-615,F,12/29/2023,TN,PASSED,NEEDS TO GO TO FINAL INSPECTION,1
40T-616,F,12/29/2023,TN,FAILED,USBC(NO LIGHT),1
40T-617,F,12/29/2023,TN,PASSED,NEEDS TO GO TO FINAL INSPECTION,3
40T-618,F,12/29/2023,TN,PASSED,NEEDS TO GO TO FINAL INSPECTION,2
40T-619,F,12/29/2023,TN,FAILED,USBC(NO LIGHT),2
40T-620,F,12/29/2023,TN,PASSED,NEEDS TO GO TO FINAL INSPECTION,1
40T-621,F,12/29/2023,TN,PASSED,NEEDS TO GO TO FINAL INSPECTION,1
40T-622,F,12/29/2023,TN,PASSED,NEEDS TO GO TO FINAL INSPECTION,1
40T-623,F,12/29/2023,TN,PASSED,NEEDS TO GO TO FINAL INSPECTION,1
40T-624,F,12/29/2023,TN,FAILED,USBC(NO LIGHT),1
40T-625,F,12/29/2023,TN,PASSED,NEEDS TO GO TO FINAL INSPECTION,4
40T-626,F,12/29/2023,TN,PASSED,NEEDS TO GO TO FINAL INSPECTION,2
40T-806,F,10/27/2023,TN,PASSED,NEEDS TO GO TO FINAL INSPECTION,1
40T-807,F,10/27/2023,TN,PASSED,NEEDS TO GO TO FINAL INSPECTION,1
40T-808,F,10/27/2023,TN,PASSED,NEEDS TO GO TO FINAL INSPECTION,1
40T-809,F,10/27/2023,TN,PASSED,NEEDS TO GO TO FINAL INSPECTION,1
40T-810,F,10/27/2023,TN,PASSED,NEEDS TO GO TO FINAL INSPECTION,1
40T-811,F,10/27/2023,TN,PASSED,NEEDS TO GO TO FINAL INSPECTION,1
40T-812,F,10/27/2023,TN,PASSED,NEEDS TO GO TO FINAL INSPECTION,1
40T-813,F,10/30/2023,TN,PASSED,NEEDS TO GO TO FINAL INSPECTION,1
40T-814,F,10/30/2023,TN,PASSED,NEEDS TO GO TO FINAL INSPECTION,1
40T-815,F,10/30/2023,TN,PASSED,NEEDS TO GO TO FINAL INSPECTION,1
40T-816,F,10/30/2023,TN,PASSED,NEEDS TO GO TO FINAL INSPECTION,1
40T-817,F,11/1/2023,TN,FAILED,USBC(NO LIGHT),2
40T-818,F,11/1/2023,TN,PASSED,NEEDS TO GO TO FINAL INSPECTION,3
40T-819,F,11/1/2023,TN,PASSED,NEEDS TO GO TO FINAL INSPECTION,2
40T-820,F,11/1/2023,TN,PASSED,NEEDS TO GO TO FINAL INSPECTION,4
40T-821,F,11/1/2023,TN,FAILED,USBC(NO LIGHT),4
40T-822,F,11/2/2023,TN,PASSED,NEEDS TO GO TO FINAL INSPECTION,3
40T-823,F,11/2/2023,TN,PASSED,NEEDS TO GO TO FINAL INSPECTION,2
40T-824,F,11/2/2023,TN,FAILED,RSV,2
40T-825,F,11/2/2023,TN,PASSED,NEEDS TO GO TO FINAL INSPECTION,2
40T-826,F,11/2/2023,TN,FAILED,RSV,2
40T-827,F,11/2/2023,TN,PASSED,NEEDS TO GO TO FINAL INSPECTION,2
40T-828,F,11/2/2023,TN,PASSED,NEEDS TO GO TO FINAL INSPECTION,1
40T-829,F,11/2/2023,TN,PASSED,NEEDS TO GO TO FINAL INSPECTION,1
40T-830,F,11/2/2023,TN,FAILED,RSV,2
40T-831,F,11/2/2023,TN,PASSED,NEEDS TO GO TO FINAL INSPECTION,2
40T-832,F,11/2/2023,TN,PASSED,NEEDS TO GO TO FINAL INSPECTION,1
40T-833,F,11/2/2023,TN,PASSED,NEEDS TO GO TO FINAL INSPECTION,1
40T-834,F,11/2/2023,TN,PASSED,NEEDS TO GO TO FINAL INSPECTION,1
40T-835,F,11/2/2023,TN,PASSED,NEEDS TO GO TO FINAL INSPECTION,1
40T-836,F,11/2/2023,TN,PASSED,NEEDS TO GO TO FINAL INSPECTION,1
40T-837,F,11/8/2023,TN,FAILED,RSV,2
40T-838,F,11/8/2023,TN,FAILED,RSV,1
40T-839,F,11/8/2023,TN,FAILED,RSV,1
40T-840,F,11/8/2023,TN,FAILED,RSV,1
40T-841,F,11/8/2023,TN,FAILED,RSV,1
40T-842,F,12/7/2023,TN,PASSED,NEEDS TO GO TO FINAL INSPECTION,1
40T-843,F,12/7/2023,TN,PASSED,NEEDS TO GO TO FINAL INSPECTION,1
40T-844,F,12/7/2023,TN,PASSED,NEEDS TO GO TO FINAL INSPECTION,1
40T-845,F,12/7/2023,TN,PASSED,NEEDS TO GO TO FINAL INSPECTION,1
40T-846,F,12/7/2023,TN,PASSED,NEEDS TO GO TO FINAL INSPECTION,1
40T-847,F,12/7/2023,TN,PASSED,NEEDS TO GO TO FINAL INSPECTION,1
40T-848,F,12/7/2023,TN,PASSED,NEEDS TO GO TO FINAL INSPECTION,1
40T-849,F,12/7/2023,TN,PASSED,NEEDS TO GO TO FINAL INSPECTION,1
40T-850,F,12/7/2023,TN,PASSED,NEEDS TO GO TO FINAL INSPECTION,1
40T-851,F,12/7/2023,TN,PASSED,NEEDS TO GO TO FINAL INSPECTION,1
40T-852,F,12/7/2023,TN,PASSED,NEEDS TO GO TO FINAL INSPECTION,1
40T-853,F,12/7/2023,TN,FAILED,RSV,2
40T-854,F,12/7/2023,TN,PASSED,NEEDS TO GO TO FINAL INSPECTION,1
40T-855,F,12/7/2023,TN,FAILED,RSV,2
40T-856,F,12/7/2023,TN,FAILED,RSV,3
40T-857,F,12/7/2023,TN,PASSED,NEEDS TO GO TO FINAL INSPECTION,1
40T-858,F,12/7/2023,TN,PASSED,NEEDS TO GO TO FINAL INSPECTION,1
40T-859,F,12/7/2023,TN,FAILED,RSV,2
40T-860,F,12/7/2023,TN,PASSED,NEEDS TO GO TO FINAL INSPECTION,1
40T-861,F,12/7/2023,TN,PASSED,NEEDS TO GO TO FINAL INSPECTION,1
40T-862,F,12/7/2023,TN,PASSED,NEEDS TO GO TO FINAL INSPECTION,1
40T-863,F,12/7/2023,TN,PASSED,NEEDS TO GO TO FINAL INSPECTION,1
40T-864,F,12/7/2023,TN,PASSED,NEEDS TO GO TO FINAL INSPECTION,1
40T-865,F,12/7/2023,TN,PASSED,NEEDS TO GO TO FINAL INSPECTION,1
40T-866,F,12/7/2023,TN,PASSED,NEEDS TO GO TO FINAL INSPECTION,1
40T-867,F,12/7/2023,TN,PASSED,NEEDS TO GO TO FINAL INSPECTION,1
40T-868,F,12/7/2023,TN,PASSED,NEEDS TO GO TO FINAL INSPECTION,1
40T-869,F,12/7/2023,TN,PASSED,NEEDS TO GO TO FINAL INSPECTION,1
40T-870,F,12/7/2023,TN,PASSED,NEEDS TO GO TO FINAL INSPECTION,1
40T-871,F,12/7/2023,TN,FAILED,RSV,2
40T-872,F,12/7/2023,TN,PASSED,NEEDS TO GO TO FINAL INSPECTION,1
40T-873,F,12/7/2023,TN,FAILED,RSV,2
40T-874,F,12/7/2023,TN,PASSED,NEEDS TO GO TO FINAL INSPECTION,1
40T-875,F,12/7/2023,TN,PASSED,NEEDS TO GO TO FINAL INSPECTION,1
40T-876,F,12/7/2023,TN,FAILED,RSV,3
40T-877,F,12/8/2023,TN,PASSED,NEEDS TO GO TO FINAL INSPECTION,1
40T-878,F,12/8/2023,TN,PASSED,NEEDS TO GO TO FINAL INSPECTION,1
40T-879,F,12/8/2023,TN,PASSED,NEEDS TO GO TO FINAL INSPECTION,1
40T-880,F,12/8/2023,TN,PASSED,NEEDS TO GO TO FINAL INSPECTION,1
40T-881,F,12/8/2023,TN,PASSED,NEEDS TO GO TO FINAL INSPECTION,1
40T-882,F,12/8/2023,TN,PASSED,NEEDS TO GO TO FINAL INSPECTION,1
40T-883,F,12/8/2023,TN,FAILED,RSV,2
40T-884,F,12/8/2023,TN,PASSED,NEEDS TO GO TO FINAL INSPECTION,1
40T-885,F,12/8/2023,TN,PASSED,NEEDS TO GO TO FINAL INSPECTION,1
40T-886,F,12/8/2023,TN,FAILED,RSV,2
40T-887,F,12/8/2023,TN,PASSED,NEEDS TO GO TO FINAL INSPECTION,1
40T-888,F,12/8/2023,TN,PASSED,NEEDS TO GO TO FINAL INSPECTION,1
40T-889,F,12/8/2023,TN,PASSED,NEEDS TO GO TO FINAL INSPECTION,1
40T-890,F,12/8/2023,TN,PASSED,NEEDS TO GO TO FINAL INSPECTION,1
40T-891,F,12/8/2023,TN,PASSED,NEEDS TO GO TO FINAL INSPECTION,1
40T-892,F,12/8/2023,TN,PASSED,NEEDS TO GO TO FINAL INSPECTION,1
40T-893,F,12/8/2023,TN,PASSED,NEEDS TO GO TO FINAL INSPECTION,1
40T-894,F,12/8/2023,TN,PASSED,NEEDS TO GO TO FINAL INSPECTION,1
40T-895,F,12/8/2023,TN,PASSED,NEEDS TO GO TO FINAL INSPECTION,1
40T-896,F,12/8/2023,TN,PASSED,NEEDS TO GO TO FINAL INSPECTION,1
40T-897,F,12/8/2023,TN,PASSED,NEEDS TO GO TO FINAL INSPECTION,1
40T-898,F,12/8/2023,TN,PASSED,NEEDS TO GO TO FINAL INSPECTION,1
40T-899,F,12/8/2023,TN,PASSED,NEEDS TO GO TO FINAL INSPECTION,1
40T-900,F,12/8/2023,TN,PASSED,NEEDS TO GO TO FINAL INSPECTION,1
40T-901,F,12/8/2023,TN,PASSED,NEEDS TO GO TO FINAL INSPECTION,1
40T-902,F,12/8/2023,TN,PASSED,NEEDS TO GO TO FINAL INSPECTION,1
40T-903,F,12/8/2023,TN,PASSED,NEEDS TO GO TO FINAL INSPECTION,1
40T-904,F,12/8/2023,TN,PASSED,NEEDS TO GO TO FINAL INSPECTION,1
40T-905,F,12/8/2023,TN,PASSED,NEEDS TO GO TO FINAL INSPECTION,1
40T-906,F,12/8/2023,TN,PASSED,NEEDS TO GO TO FINAL INSPECTION,1
40T-907,F,12/8/2023,TN,PASSED,NEEDS TO GO TO FINAL INSPECTION,1
40T-908,F,12/8/2023,TN,PASSED,NEEDS TO GO TO FINAL INSPECTION,1
40T-909,F,12/8/2023,TN,FAILED,USBC-COMM,2
40T-910,F,12/8/2023,TN,PASSED,NEEDS TO GO TO FINAL INSPECTION,1
40T-911,F,12/8/2023,TN,FAILED,USBC-COMM,2
40T-912,F,12/8/2023,TN,PASSED,NEEDS TO GO TO FINAL INSPECTION,2
40T-913,F,12/8/2023,TN,PASSED,NEEDS TO GO TO FINAL INSPECTION,1
40T-914,F,12/8/2023,TN,PASSED,NEEDS TO GO TO FINAL INSPECTION,1
40T-915,F,12/8/2023,TN,PASSED,NEEDS TO GO TO FINAL INSPECTION,1
40T-916,F,12/8/2023,TN,PASSED,NEEDS TO GO TO FINAL INSPECTION,1
40T-917,F,12/8/2023,TN,PASSED,NEEDS TO GO TO FINAL INSPECTION,1
40T-918,F,12/8/2023,TN,PASSED,NEEDS TO GO TO FINAL INSPECTION,1
40T-919,F,12/8/2023,TN,PASSED,NEEDS TO GO TO FINAL INSPECTION,1
40T-920,F,12/8/2023,TN,PASSED,NEEDS TO GO TO FINAL INSPECTION,1
40T-921,F,12/8/2023,TN,FAILED,USBC-COMM,2
40T-922,F,12/8/2023,TN,PASSED,NEEDS TO GO TO FINAL INSPECTION,2
40T-923,F,12/8/2023,TN,PASSED,NEEDS TO GO TO FINAL INSPECTION,1
40T-924,F,12/8/2023,TN,PASSED,NEEDS TO GO TO FINAL INSPECTION,1
40T-925,F,12/8/2023,TN,PASSED,NEEDS TO GO TO FINAL INSPECTION,1
40T-926,F,12/8/2023,TN,PASSED,NEEDS TO GO TO FINAL INSPECTION,1
40T-927,F,12/8/2023,TN,PASSED,NEEDS TO GO TO FINAL INSPECTION,1
40T-928,F,12/8/2023,TN,PASSED,NEEDS TO GO TO FINAL INSPECTION,1
40T-929,F,12/8/2023,TN,PASSED,NEEDS TO GO TO FINAL INSPECTION,1
40T-930,F,12/8/2023,TN,PASSED,NEEDS TO GO TO FINAL INSPECTION,1
40T-931,F,12/8/2023,TN,PASSED,NEEDS TO GO TO FINAL INSPECTION,1
40T-932,F,12/8/2023,TN,PASSED,NEEDS TO GO TO FINAL INSPECTION,1
40T-933,F,12/8/2023,TN,PASSED,NEEDS TO GO TO FINAL INSPECTION,1
40T-934,F,12/8/2023,TN,PASSED,NEEDS TO GO TO FINAL INSPECTION,1
40T-935,F,12/8/2023,TN,PASSED,NEEDS TO GO TO FINAL INSPECTION,1
40T-936,F,12/8/2023,TN,PASSED,NEEDS TO GO TO FINAL INSPECTION,1
40T-937,F,12/11/2023,TN,PASSED,NEEDS TO GO TO FINAL INSPECTION,1
40T-938,F,12/11/2023,TN,PASSED,NEEDS TO GO TO FINAL INSPECTION,1
40T-939,F,12/11/2023,TN,PASSED,NEEDS TO GO TO FINAL INSPECTION,1
40T-940,F,12/11/2023,TN,FAILED,USBC-COMM,2
40T-941,F,12/11/2023,TN,PASSED,NEEDS TO GO TO FINAL INSPECTION,1
40T-942,F,12/11/2023,TN,PASSED,NEEDS TO GO TO FINAL INSPECTION,1
40T-943,F,12/11/2023,TN,PASSED,NEEDS TO GO TO FINAL INSPECTION,1
40T-944,F,12/11/2023,TN,PASSED,NEEDS TO GO TO FINAL INSPECTION,1
40T-945,F,12/11/2023,TN,PASSED,NEEDS TO GO TO FINAL INSPECTION,2
40T-946,F,12/11/2023,TN,PASSED,NEEDS TO GO TO FINAL INSPECTION,1
40T-947,F,12/11/2023,TN,PASSED,NEEDS TO GO TO FINAL INSPECTION,1
40T-948,F,12/11/2023,TN,FAILED,USBC-COMM,2
40T-949,F,12/11/2023,TN,PASSED,NEEDS TO GO TO FINAL INSPECTION,1
40T-950,F,12/11/2023,TN,PASSED,NEEDS TO GO TO FINAL INSPECTION,1
40T-951,F,12/11/2023,TN,PASSED,NEEDS TO GO TO FINAL INSPECTION,1
40T-952,F,12/11/2023,TN,PASSED,NEEDS TO GO TO FINAL INSPECTION,1
40T-953,F,12/11/2023,TN,PASSED,NEEDS TO GO TO FINAL INSPECTION,1
40T-954,F,12/11/2023,TN,PASSED,NEEDS TO GO TO FINAL INSPECTION,1
40T-955,F,12/11/2023,TN,PASSED,NEEDS TO GO TO FINAL INSPECTION,1
40T-956,F,12/11/2023,TN,PASSED,NEEDS TO GO TO FINAL INSPECTION,1
40T-957,F,12/11/2023,TN,PASSED,NEEDS TO GO TO FINAL INSPECTION,1
40T-958,F,12/11/2023,TN,PASSED,NEEDS TO GO TO FINAL INSPECTION,1
40T-959,F,12/11/2023,TN,PASSED,NEEDS TO GO TO FINAL INSPECTION,1
40T-960,F,12/11/2023,TN,PASSED,NEEDS TO GO TO FINAL INSPECTION,1
40T-961,F,12/11/2023,TN,PASSED,NEEDS TO GO TO FINAL INSPECTION,1
40T-962,F,12/11/2023,TN,PASSED,NEEDS TO GO TO FINAL INSPECTION,1
40T-963,F,12/11/2023,TN,PASSED,NEEDS TO GO TO FINAL INSPECTION,1
40T-964,F,12/11/2023,TN,FAILED,USBC-COMM,2
40T-965,F,12/11/2023,TN,PASSED,NEEDS TO GO TO FINAL INSPECTION,1
40T-966,F,12/11/2023,TN,PASSED,NEEDS TO GO TO FINAL INSPECTION,1
40T-967,F,12/11/2023,TN,PASSED,NEEDS TO GO TO FINAL INSPECTION,1
40T-968,F,12/11/2023,TN,PASSED,NEEDS TO GO TO FINAL INSPECTION,1
40T-969,F,12/11/2023,TN,PASSED,NEEDS TO GO TO FINAL INSPECTION,1
40T-970,F,12/11/2023,TN,PASSED,NEEDS TO GO TO FINAL INSPECTION,1
40T-971,F,12/11/2023,TN,FAILED,USBC-COMM,2
40T-972,F,12/11/2023,TN,FAILED,USBC-COMM,2
40T-973,F,12/11/2023,TN,PASSED,NEEDS TO GO TO FINAL INSPECTION,2
40T-974,F,12/11/2023,TN,PASSED,NEEDS TO GO TO FINAL INSPECTION,1
40T-975,F,12/11/2023,TN,PASSED,NEEDS TO GO TO FINAL INSPECTION,1
40T-976,F,12/11/2023,TN,PASSED,NEEDS TO GO TO FINAL INSPECTION,1
40T-977,F,12/11/2023,TN,PASSED,NEEDS TO GO TO FINAL INSPECTION,1
40T-978,F,12/11/2023,TN,PASSED,NEEDS TO GO TO FINAL INSPECTION,1
40T-979,F,12/11/2023,TN,FAILED,USBC-COMM,2
40T-980,F,12/11/2023,TN,PASSED,NEEDS TO GO TO FINAL INSPECTION,2
40T-981,F,12/11/2023,TN,PASSED,NEEDS TO GO TO FINAL INSPECTION,1
40T-982,F,12/11/2023,TN,PASSED,NEEDS TO GO TO FINAL INSPECTION,1
40T-983,F,12/11/2023,TN,PASSED,NEEDS TO GO TO FINAL INSPECTION,1
40T-984,F,12/11/2023,TN,PASSED,NEEDS TO GO TO FINAL INSPECTION,1
40T-985,F,12/11/2023,TN,PASSED,NEEDS TO GO TO FINAL INSPECTION,1
40T-986,F,12/11/2023,TN,FAILED,USBC-COMM,2
40T-987,F,12/11/2023,TN,FAILED,USBC-COMM,3
40T-988,F,12/11/2023,TN,FAILED,USBC-COMM,3
40T-989,F,12/11/2023,TN,PASSED,NEEDS TO GO TO FINAL INSPECTION,1
40T-990,F,12/11/2023,TN,FAILED,CHIPPED,2
40T-991,F,12/11/2023,TN,PASSED,NEEDS TO GO TO FINAL INSPECTION,2
40T-992,F,12/11/2023,TN,PASSED,NEEDS TO GO TO FINAL INSPECTION,1
40T-993,F,12/11/2023,TN,PASSED,NEEDS TO GO TO FINAL INSPECTION,1
40T-994,F,12/12/2023,TN,PASSED,NEEDS TO GO TO FINAL INSPECTION,1
40T-995,F,12/12/2023,TN,PASSED,NEEDS TO GO TO FINAL INSPECTION,1
40T-996,F,12/12/2023,TN,PASSED,NEEDS TO GO TO FINAL INSPECTION,1
40T-997,F,12/12/2023,TN,PASSED,NEEDS TO GO TO FINAL INSPECTION,1
40T-998,F,12/12/2023,TN,PASSED,NEEDS TO GO TO FINAL INSPECTION,1
40T-999,F,12/12/2023,TN,PASSED,NEEDS TO GO TO FINAL INSPECTION,1
40T-1000,F,12/12/2023,TN,PASSED,NEEDS TO GO TO FINAL INSPECTION,1
40T-1001,F,12/12/2023,TN,FAILED,CHIPPED,2
40T-1002,F,12/12/2023,TN,PASSED,NEEDS TO GO TO FINAL INSPECTION,1
40T-1003,F,12/12/2023,TN,PASSED,NEEDS TO GO TO FINAL INSPECTION,1
40T-1004,F,12/12/2023,TN,PASSED,NEEDS TO GO TO FINAL INSPECTION,1
40T-1005,F,12/12/2023,TN,PASSED,NEEDS TO GO TO FINAL INSPECTION,1
40T-1006,F,12/12/2023,TN,PASSED,NEEDS TO GO TO FINAL INSPECTION,1
40T-1007,F,12/12/2023,TN,PASSED,NEEDS TO GO TO FINAL INSPECTION,1
40T-1008,F,12/12/2023,TN,PASSED,NEEDS TO GO TO FINAL INSPECTION,1
40T-1009,F,12/12/2023,TN,PASSED,NEEDS TO GO TO FINAL INSPECTION,1
40T-1010,F,12/12/2023,TN,PASSED,NEEDS TO GO TO FINAL INSPECTION,1
40T-1011,F,12/12/2023,TN,FAILED,CHIPPED,2
40T-1012,F,12/12/2023,TN,PASSED,NEEDS TO GO TO FINAL INSPECTION,1
40T-1013,F,12/12/2023,TN,PASSED,NEEDS TO GO TO FINAL INSPECTION,1
40T-1014,F,12/12/2023,TN,PASSED,NEEDS TO GO TO FINAL INSPECTION,1
40T-1015,F,12/12/2023,TN,PASSED,NEEDS TO GO TO FINAL INSPECTION,1
40T-1016,F,12/12/2023,TN,PASSED,NEEDS TO GO TO FINAL INSPECTION,1
40T-1017,F,12/12/2023,TN,PASSED,NEEDS TO GO TO FINAL INSPECTION,1
40T-1018,F,12/12/2023,TN,PASSED,NEEDS TO GO TO FINAL INSPECTION,1
40T-1019,F,12/12/2023,TN,PASSED,NEEDS TO GO TO FINAL INSPECTION,2
40T-1020,F,12/12/2023,TN,PASSED,NEEDS TO GO TO FINAL INSPECTION,1
40T-1021,F,12/12/2023,TN,PASSED,NEEDS TO GO TO FINAL INSPECTION,1
40T-1022,F,12/12/2023,TN,PASSED,NEEDS TO GO TO FINAL INSPECTION,1
40T-1023,F,12/12/2023,TN,PASSED,NEEDS TO GO TO FINAL INSPECTION,1
40T-1024,F,12/12/2023,TN,PASSED,NEEDS TO GO TO FINAL INSPECTION,1
40T-1025,F,12/12/2023,TN,PASSED,NEEDS TO GO TO FINAL INSPECTION,1
40T-1026,F,12/12/2023,TN,PASSED,NEEDS TO GO TO FINAL INSPECTION,1
40T-1027,F,12/12/2023,TN,PASSED,NEEDS TO GO TO FINAL INSPECTION,1
40T-1028,F,12/12/2023,TN,FAILED,CHIPPED,2
40T-1029,F,12/12/2023,TN,PASSED,NEEDS TO GO TO FINAL INSPECTION,1
40T-1030,F,12/12/2023,TN,PASSED,NEEDS TO GO TO FINAL INSPECTION,1
40T-1031,F,12/12/2023,TN,PASSED,NEEDS TO GO TO FINAL INSPECTION,1
40T-1032,F,12/12/2023,TN,PASSED,NEEDS TO GO TO FINAL INSPECTION,1
40T-1033,F,12/12/2023,TN,PASSED,NEEDS TO GO TO FINAL INSPECTION,1
40T-1034,F,12/12/2023,TN,PASSED,NEEDS TO GO TO FINAL INSPECTION,1
40T-1035,F,12/12/2023,TN,FAILED,CHIPPED,2
40T-1036,F,12/12/2023,TN,PASSED,NEEDS TO GO TO FINAL INSPECTION,1
40T-1037,F,12/12/2023,TN,PASSED,NEEDS TO GO TO FINAL INSPECTION,1
40T-1038,F,12/13/2023,TN,PASSED,NEEDS TO GO TO FINAL INSPECTION,1
40T-1039,F,12/13/2023,TN,FAILED,CHIPPED,2
40T-1040,F,12/13/2023,TN,PASSED,NEEDS TO GO TO FINAL INSPECTION,1
40T-1041,F,12/13/2023,TN,PASSED,NEEDS TO GO TO FINAL INSPECTION,1
40T-1042,F,12/13/2023,TN,PASSED,NEEDS TO GO TO FINAL INSPECTION,1
40T-1043,F,12/13/2023,TN,PASSED,NEEDS TO GO TO FINAL INSPECTION,1
40T-1044,F,12/13/2023,TN,PASSED,NEEDS TO GO TO FINAL INSPECTION,1
40T-1045,F,12/13/2023,TN,PASSED,NEEDS TO GO TO FINAL INSPECTION,1
40T-1046,F,12/13/2023,TN,PASSED,NEEDS TO GO TO FINAL INSPECTION,1
40T-1047,F,12/13/2023,TN,PASSED,NEEDS TO GO TO FINAL INSPECTION,1
40T-1048,F,12/13/2023,TN,PASSED,NEEDS TO GO TO FINAL INSPECTION,1
40T-1049,F,12/13/2023,TN,PASSED,NEEDS TO GO TO FINAL INSPECTION,1
40T-1050,F,12/13/2023,TN,PASSED,NEEDS TO GO TO FINAL INSPECTION,1
40T-1051,F,12/13/2023,TN,PASSED,NEEDS TO GO TO FINAL INSPECTION,1
40T-1052,F,12/13/2023,TN,PASSED,NEEDS TO GO TO FINAL INSPECTION,1
40T-1053,F,12/13/2023,TN,PASSED,NEEDS TO GO TO FINAL INSPECTION,1
40T-1054,F,12/13/2023,TN,PASSED,NEEDS TO GO TO FINAL INSPECTION,1
40T-1055,F,12/13/2023,TN,PASSED,NEEDS TO GO TO FINAL INSPECTION,1
40T-1056,F,12/13/2023,TN,PASSED,NEEDS TO GO TO FINAL INSPECTION,1
40T-1057,F,12/13/2023,TN,PASSED,NEEDS TO GO TO FINAL INSPECTION,1
40T-1058,F,12/13/2023,TN,PASSED,NEEDS TO GO TO FINAL INSPECTION,1
40T-1059,F,12/13/2023,TN,PASSED,NEEDS TO GO TO FINAL INSPECTION,1
40T-1060,F,12/13/2023,TN,PASSED,NEEDS TO GO TO FINAL INSPECTION,1
40T-1061,F,12/13/2023,TN,PASSED,NEEDS TO GO TO FINAL INSPECTION,1
40T-1062,F,12/13/2023,TN,PASSED,NEEDS TO GO TO FINAL INSPECTION,1
40T-1063,F,12/13/2023,TN,PASSED,NEEDS TO GO TO FINAL INSPECTION,1
40T-1064,F,12/13/2023,TN,PASSED,NEEDS TO GO TO FINAL INSPECTION,1
40T-1065,F,12/13/2023,TN,PASSED,NEEDS TO GO TO FINAL INSPECTION,1
40T-1066,F,12/13/2023,TN,PASSED,NEEDS TO GO TO FINAL INSPECTION,1
40T-1067,F,12/13/2023,TN,PASSED,NEEDS TO GO TO FINAL INSPECTION,1
40T-1068,F,12/13/2023,TN,PASSED,NEEDS TO GO TO FINAL INSPECTION,1
40T-1069,F,12/13/2023,TN,PASSED,NEEDS TO GO TO FINAL INSPECTION,1
40T-1070,F,12/13/2023,TN,PASSED,NEEDS TO GO TO FINAL INSPECTION,1
40T-1071,F,12/13/2023,TN,FAILED,CHIPPED,3
40T-1072,F,12/13/2023,TN,PASSED,NEEDS TO GO TO FINAL INSPECTION,3
40T-1073,F,12/13/2023,TN,FAILED,CHIPPED,2
40T-1074,F,12/13/2023,TN,PASSED,NEEDS TO GO TO FINAL INSPECTION,1
40T-1075,F,12/13/2023,TN,PASSED,NEEDS TO GO TO FINAL INSPECTION,1
40T-1076,F,12/13/2023,TN,PASSED,NEEDS TO GO TO FINAL INSPECTION,1
40T-1077,F,12/13/2023,TN,PASSED,NEEDS TO GO TO FINAL INSPECTION,1
40T-1078,F,12/13/2023,TN,PASSED,NEEDS TO GO TO FINAL INSPECTION,1
40T-1079,F,12/13/2023,TN,PASSED,NEEDS TO GO TO FINAL INSPECTION,1
40T-1080,F,12/13/2023,TN,PASSED,NEEDS TO GO TO FINAL INSPECTION,1
40T-1081,F,12/13/2023,TN,PASSED,NEEDS TO GO TO FINAL INSPECTION,1
40T-1082,F,12/13/2023,TN,PASSED,NEEDS TO GO TO FINAL INSPECTION,1
40T-1083,F,12/14/2023,TN,PASSED,NEEDS TO GO TO FINAL INSPECTION,1
40T-1084,F,12/14/2023,TN,PASSED,NEEDS TO GO TO FINAL INSPECTION,1
40T-1085,F,12/14/2023,TN,PASSED,NEEDS TO GO TO FINAL INSPECTION,1
40T-1086,F,12/14/2023,TN,FAILED,CHIPPED,3
40T-1087,F,12/14/2023,TN,PASSED,NEEDS TO GO TO FINAL INSPECTION,1
40T-1088,F,12/14/2023,TN,PASSED,NEEDS TO GO TO FINAL INSPECTION,1
40T-1089,F,12/14/2023,TN,PASSED,NEEDS TO GO TO FINAL INSPECTION,1
40T-1090,F,12/14/2023,TN,PASSED,NEEDS TO GO TO FINAL INSPECTION,1
40T-1091,F,12/14/2023,TN,PASSED,NEEDS TO GO TO FINAL INSPECTION,1
40T-1092,F,12/14/2023,TN,PASSED,NEEDS TO GO TO FINAL INSPECTION,1
40T-1093,F,12/14/2023,TN,PASSED,NEEDS TO GO TO FINAL INSPECTION,1
40T-1094,F,12/14/2023,TN,PASSED,NEEDS TO GO TO FINAL INSPECTION,1
40T-1095,F,12/14/2023,TN,PASSED,NEEDS TO GO TO FINAL INSPECTION,1
40T-1096,F,12/14/2023,TN,PASSED,NEEDS TO GO TO FINAL INSPECTION,1
40T-1097,F,12/14/2023,TN,PASSED,NEEDS TO GO TO FINAL INSPECTION,1
40T-1098,F,12/14/2023,TN,FAILED,CHIPPED,2
40T-1099,F,12/14/2023,TN,PASSED,NEEDS TO GO TO FINAL INSPECTION,1
40T-1100,F,12/14/2023,TN,PASSED,NEEDS TO GO TO FINAL INSPECTION,1
40T-1101,F,12/14/2023,TN,PASSED,NEEDS TO GO TO FINAL INSPECTION,1
40T-1102,F,12/14/2023,TN,PASSED,NEEDS TO GO TO FINAL INSPECTION,1
40T-1103,F,12/14/2023,TN,PASSED,NEEDS TO GO TO FINAL INSPECTION,1
40T-1104,F,12/14/2023,TN,PASSED,NEEDS TO GO TO FINAL INSPECTION,1
40T-1105,F,12/14/2023,TN,PASSED,NEEDS TO GO TO FINAL INSPECTION,1
40T-1106,F,12/14/2023,TN,PASSED,NEEDS TO GO TO FINAL INSPECTION,1
40T-1107,F,12/14/2023,TN,PASSED,NEEDS TO GO TO FINAL INSPECTION,1
40T-1108,F,12/14/2023,TN,PASSED,NEEDS TO GO TO FINAL INSPECTION,1
40T-1109,F,12/14/2023,TN,PASSED,NEEDS TO GO TO FINAL INSPECTION,1
40T-1110,F,12/14/2023,TN,PASSED,NEEDS TO GO TO FINAL INSPECTION,1
40T-1111,F,12/14/2023,TN,PASSED,NEEDS TO GO TO FINAL INSPECTION,1
40T-1112,F,12/14/2023,TN,PASSED,NEEDS TO GO TO FINAL INSPECTION,1
40T-1113,F,12/14/2023,TN,PASSED,NEEDS TO GO TO FINAL INSPECTION,1
40T-1114,F,12/14/2023,TN,PASSED,NEEDS TO GO TO FINAL INSPECTION,2
40T-1115,F,12/14/2023,TN,PASSED,NEEDS TO GO TO FINAL INSPECTION,1
40T-1116,F,12/14/2023,TN,PASSED,NEEDS TO GO TO FINAL INSPECTION,1
40T-1117,F,12/14/2023,TN,PASSED,NEEDS TO GO TO FINAL INSPECTION,1
40T-1118,F,12/14/2023,TN,PASSED,NEEDS TO GO TO FINAL INSPECTION,1
40T-1119,F,12/14/2023,TN,PASSED,NEEDS TO GO TO FINAL INSPECTION,1
40T-1120,F,12/14/2023,TN,PASSED,NEEDS TO GO TO FINAL INSPECTION,1
40T-1121,F,12/14/2023,TN,PASSED,NEEDS TO GO TO FINAL INSPECTION,1
40T-1122,F,12/14/2023,TN,PASSED,NEEDS TO GO TO FINAL INSPECTION,1
40T-1123,F,12/14/2023,TN,PASSED,NEEDS TO GO TO FINAL INSPECTION,2
40T-1124,F,12/14/2023,TN,PASSED,NEEDS TO GO TO FINAL INSPECTION,1
40T-1125,F,12/14/2023,TN,FAILED,CHIPPED,2
40T-1126,F,12/14/2023,TN,PASSED,NEEDS TO GO TO FINAL INSPECTION,1
40T-1127,F,12/14/2023,TN,PASSED,NEEDS TO GO TO FINAL INSPECTION,1
40T-1128,F,12/14/2023,TN,PASSED,NEEDS TO GO TO FINAL INSPECTION,1
40T-1129,F,12/14/2023,TN,PASSED,NEEDS TO GO TO FINAL INSPECTION,1
40T-1130,F,12/15/2023,TN,PASSED,NEEDS TO GO TO FINAL INSPECTION,1
40T-1131,F,12/15/2023,TN,PASSED,NEEDS TO GO TO FINAL INSPECTION,1
40T-1132,F,12/15/2023,TN,PASSED,NEEDS TO GO TO FINAL INSPECTION,1
40T-1133,F,12/15/2023,TN,PASSED,NEEDS TO GO TO FINAL INSPECTION,1
40T-1134,F,12/15/2023,TN,PASSED,NEEDS TO GO TO FINAL INSPECTION,1
40T-1135,F,12/15/2023,TN,PASSED,NEEDS TO GO TO FINAL INSPECTION,1
40T-1136,F,12/15/2023,TN,PASSED,NEEDS TO GO TO FINAL INSPECTION,1
40T-1137,F,12/15/2023,TN,PASSED,NEEDS TO GO TO FINAL INSPECTION,1
40T-1138,F,12/15/2023,TN,PASSED,NEEDS TO GO TO FINAL INSPECTION,1
40T-1139,F,12/15/2023,TN,PASSED,NEEDS TO GO TO FINAL INSPECTION,1
40T-1140,F,12/15/2023,TN,PASSED,NEEDS TO GO TO FINAL INSPECTION,1
40T-1141,F,12/15/2023,TN,PASSED,NEEDS TO GO TO FINAL INSPECTION,1
40T-1142,F,12/15/2023,TN,PASSED,NEEDS TO GO TO FINAL INSPECTION,1
40T-1143,F,12/15/2023,TN,PASSED,NEEDS TO GO TO FINAL INSPECTION,1
40T-1144,F,12/15/2023,TN,PASSED,NEEDS TO GO TO FINAL INSPECTION,1
40T-1145,F,12/15/2023,TN,PASSED,NEEDS TO GO TO FINAL INSPECTION,1
40T-1146,F,12/15/2023,TN,PASSED,NEEDS TO GO TO FINAL INSPECTION,1
40T-1147,F,12/15/2023,TN,FAILED,CHIPPED,2
40T-1148,F,12/15/2023,TN,PASSED,NEEDS TO GO TO FINAL INSPECTION,2
40T-1149,F,12/15/2023,TN,PASSED,NEEDS TO GO TO FINAL INSPECTION,3
40T-1150,F,12/15/2023,TN,PASSED,NEEDS TO GO TO FINAL INSPECTION,1
40T-1151,F,12/16/2023,TN,PASSED,NEEDS TO GO TO FINAL INSPECTION,1
40T-1152,F,12/16/2023,TN,PASSED,NEEDS TO GO TO FINAL INSPECTION,1
40T-1153,F,12/16/2023,TN,FAILED,CHIPPED,2
40T-1154,F,12/16/2023,TN,PASSED,NEEDS TO GO TO FINAL INSPECTION,1
40T-1155,F,12/16/2023,TN,PASSED,NEEDS TO GO TO FINAL INSPECTION,1
40T-1156,F,12/16/2023,TN,PASSED,NEEDS TO GO TO FINAL INSPECTION,1
40T-1157,F,12/16/2023,TN,PASSED,NEEDS TO GO TO FINAL INSPECTION,1
40T-1158,F,12/16/2023,TN,PASSED,NEEDS TO GO TO FINAL INSPECTION,1
40T-1159,F,12/16/2023,TN,PASSED,NEEDS TO GO TO FINAL INSPECTION,1
40T-1160,F,12/18/2023,TN,FAILED,CHIPPED,3
40T-1161,F,12/18/2023,TN,PASSED,NEEDS TO GO TO FINAL INSPECTION,3
40T-1162,F,12/19/2023,TN,PASSED,NEEDS TO GO TO FINAL INSPECTION,1
40T-1163,F,12/19/2023,TN,PASSED,NEEDS TO GO TO FINAL INSPECTION,1
40T-1164,F,12/19/2023,TN,PASSED,NEEDS TO GO TO FINAL INSPECTION,1
40T-1165,F,12/19/2023,TN,PASSED,NEEDS TO GO TO FINAL INSPECTION,1
40T-1166,F,12/19/2023,TN,PASSED,NEEDS TO GO TO FINAL INSPECTION,1
40T-1167,F,12/19/2023,TN,PASSED,NEEDS TO GO TO FINAL INSPECTION,1
40T-1168,F,12/19/2023,TN,PASSED,NEEDS TO GO TO FINAL INSPECTION,1
40T-1169,F,12/19/2023,TN,PASSED,NEEDS TO GO TO FINAL INSPECTION,1
40T-1170,F,12/20/2023,TN,PASSED,NEEDS TO GO TO FINAL INSPECTION,1
40T-1171,F,12/20/2023,TN,PASSED,NEEDS TO GO TO FINAL INSPECTION,1
40T-1172,F,12/20/2023,TN,PASSED,NEEDS TO GO TO FINAL INSPECTION,1
40T-1173,F,12/20/2023,TN,PASSED,NEEDS TO GO TO FINAL INSPECTION,1
40T-1174,F,12/20/2023,TN,PASSED,NEEDS TO GO TO FINAL INSPECTION,1
40T-1175,F,12/20/2023,TN,PASSED,NEEDS TO GO TO FINAL INSPECTION,1
40T-1176,F,12/20/2023,TN,PASSED,NEEDS TO GO TO FINAL INSPECTION,1
40T-1177,F,12/20/2023,TN,PASSED,NEEDS TO GO TO FINAL INSPECTION,1
40T-1178,F,12/22/2023,TN,PASSED,NEEDS TO GO TO FINAL INSPECTION,1
40T-1179,F,12/22/2023,TN,PASSED,NEEDS TO GO TO FINAL INSPECTION,1
40T-1180,F,12/22/2023,TN,FAILED,CHIPPED,3
40T-1181,F,12/22/2023,TN,PASSED,NEEDS TO GO TO FINAL INSPECTION,3
40T-1182,F,12/22/2023,TN,PASSED,NEEDS TO GO TO FINAL INSPECTION,1
40T-1183,F,12/22/2023,TN,PASSED,NEEDS TO GO TO FINAL INSPECTION,1
40T-1184,F,12/22/2023,TN,PASSED,NEEDS TO GO TO FINAL INSPECTION,1
40T-1185,F,12/22/2023,TN,FAILED,CHIPPED,4
40T-1186,F,12/22/2023,TN,PASSED,NEEDS TO GO TO FINAL INSPECTION,1
40T-1187,F,12/22/2023,TN,PASSED,NEEDS TO GO TO FINAL INSPECTION,1
40T-1188,F,12/22/2023,TN,PASSED,NEEDS TO GO TO FINAL INSPECTION,1
40T-1189,F,12/22/2023,TN,PASSED,NEEDS TO GO TO FINAL INSPECTION,1
40T-1190,F,12/22/2023,TN,PASSED,NEEDS TO GO TO FINAL INSPECTION,1
40T-1191,F,12/22/2023,TN,PASSED,NEEDS TO GO TO FINAL INSPECTION,1
40T-1192,F,12/22/2023,TN,PASSED,NEEDS TO GO TO FINAL INSPECTION,1
40T-1193,F,12/22/2023,TN,PASSED,NEEDS TO GO TO FINAL INSPECTION,1
40T-1194,F,12/26/2023,TN,PASSED,NEEDS TO GO TO FINAL INSPECTION,1
40T-1195,F,12/26/2023,TN,PASSED,NEEDS TO GO TO FINAL INSPECTION,1
40T-1196,F,12/26/2023,TN,PASSED,NEEDS TO GO TO FINAL INSPECTION,1
40T-1197,F,12/26/2023,TN,PASSED,NEEDS TO GO TO FINAL INSPECTION,1
40T-1198,F,12/26/2023,TN,FAILED,USBC-5A-3A0-CL,2
40T-1199,F,12/26/2023,TN,PASSED,NEEDS TO GO TO FINAL INSPECTION,1
40T-1200,F,12/26/2023,TN,PASSED,NEEDS TO GO TO FINAL INSPECTION,1
40T-1201,F,12/26/2023,TN,PASSED,NEEDS TO GO TO FINAL INSPECTION,1
40T-1202,F,12/26/2023,TN,PASSED,NEEDS TO GO TO FINAL INSPECTION,1
40T-1203,F,12/26/2023,TN,FAILED,USBC-5A-3A0-CL,2
40T-1204,F,12/26/2023,TN,PASSED,NEEDS TO GO TO FINAL INSPECTION,1
40T-1205,F,12/26/2023,TN,PASSED,NEEDS TO GO TO FINAL INSPECTION,1
40T-1206,F,12/26/2023,TN,PASSED,NEEDS TO GO TO FINAL INSPECTION,1
40T-1207,F,12/26/2023,TN,PASSED,NEEDS TO GO TO FINAL INSPECTION,1
40T-1208,F,12/26/2023,TN,PASSED,NEEDS TO GO TO FINAL INSPECTION,1
40T-1209,F,12/26/2023,TN,PASSED,NEEDS TO GO TO FINAL INSPECTION,1
40T-1210,F,12/26/2023,TN,PASSED,NEEDS TO GO TO FINAL INSPECTION,1
40T-1211,F,12/26/2023,TN,PASSED,NEEDS TO GO TO FINAL INSPECTION,1
40T-1212,F,12/26/2023,TN,PASSED,NEEDS TO GO TO FINAL INSPECTION,1
40T-1213,F,12/26/2023,TN,PASSED,NEEDS TO GO TO FINAL INSPECTION,1
40T-1214,F,12/26/2023,TN,PASSED,NEEDS TO GO TO FINAL INSPECTION,1
40T-1215,F,12/26/2023,TN,FAILED,USBC-5A-3A0-CL,2
40T-1216,F,12/26/2023,TN,PASSED,NEEDS TO GO TO FINAL INSPECTION,1
40T-1217,F,12/26/2023,TN,PASSED,NEEDS TO GO TO FINAL INSPECTION,1
40T-1218,F,12/26/2023,TN,FAILED,USBA-NO Light,2
40T-1219,F,12/26/2023,TN,PASSED,NEEDS TO GO TO FINAL INSPECTION,2
40T-1220,F,12/26/2023,TN,PASSED,NEEDS TO GO TO FINAL INSPECTION,1
40T-1221,F,12/26/2023,TN,FAILED,USBA-NO Light,2
40T-1222,F,12/26/2023,TN,PASSED,NEEDS TO GO TO FINAL INSPECTION,2
40T-1223,F,12/26/2023,TN,PASSED,NEEDS TO GO TO FINAL INSPECTION,1
40T-1224,F,12/26/2023,TN,PASSED,NEEDS TO GO TO FINAL INSPECTION,1
40T-1225,F,12/26/2023,TN,PASSED,NEEDS TO GO TO FINAL INSPECTION,1
40T-1226,F,12/26/2023,TN,FAILED,USBA-NO Light,2
40T-1227,F,12/26/2023,TN,PASSED,NEEDS TO GO TO FINAL INSPECTION,1
40T-1228,F,12/26/2023,TN,PASSED,NEEDS TO GO TO FINAL INSPECTION,1
40T-1229,F,12/26/2023,TN,FAILED,USBA-NO Light,3
40T-1230,F,12/26/2023,TN,PASSED,NEEDS TO GO TO FINAL INSPECTION,1
40T-1231,F,12/26/2023,TN,PASSED,NEEDS TO GO TO FINAL INSPECTION,1
40T-1232,F,12/26/2023,TN,PASSED,NEEDS TO GO TO FINAL INSPECTION,1
40T-1233,F,12/26/2023,TN,PASSED,NEEDS TO GO TO FINAL INSPECTION,1
40T-1234,F,12/26/2023,TN,PASSED,NEEDS TO GO TO FINAL INSPECTION,1
40T-1235,F,12/27/2023,TN,PASSED,NEEDS TO GO TO FINAL INSPECTION,1
40T-1236,F,12/27/2023,TN,PASSED,NEEDS TO GO TO FINAL INSPECTION,1
40T-1237,F,12/27/2023,TN,PASSED,NEEDS TO GO TO FINAL INSPECTION,1
40T-1238,F,12/27/2023,TN,PASSED,NEEDS TO GO TO FINAL INSPECTION,1
40T-1239,F,12/27/2023,TN,PASSED,NEEDS TO GO TO FINAL INSPECTION,1
40T-1240,F,12/27/2023,TN,PASSED,NEEDS TO GO TO FINAL INSPECTION,1
40T-1241,F,12/27/2023,TN,PASSED,NEEDS TO GO TO FINAL INSPECTION,1
40T-1242,F,12/27/2023,TN,PASSED,NEEDS TO GO TO FINAL INSPECTION,1
40T-1243,F,12/27/2023,TN,FAILED,USBA-NO Light,2
40T-1244,F,12/27/2023,TN,PASSED,NEEDS TO GO TO FINAL INSPECTION,1
40T-1245,F,12/27/2023,TN,PASSED,NEEDS TO GO TO FINAL INSPECTION,1
40T-1246,F,12/27/2023,TN,PASSED,NEEDS TO GO TO FINAL INSPECTION,1
40T-1247,F,12/27/2023,TN,PASSED,NEEDS TO GO TO FINAL INSPECTION,1
40T-1248,F,12/27/2023,TN,PASSED,NEEDS TO GO TO FINAL INSPECTION,1
40T-1249,F,12/27/2023,TN,PASSED,NEEDS TO GO TO FINAL INSPECTION,1
40T-1250,F,12/27/2023,TN,PASSED,NEEDS TO GO TO FINAL INSPECTION,1
40T-1251,F,12/27/2023,TN,PASSED,NEEDS TO GO TO FINAL INSPECTION,1
40T-1252,F,12/27/2023,TN,PASSED,NEEDS TO GO TO FINAL INSPECTION,1
40T-1253,F,12/27/2023,TN,PASSED,NEEDS TO GO TO FINAL INSPECTION,1
40T-1254,F,12/27/2023,TN,PASSED,NEEDS TO GO TO FINAL INSPECTION,1
40T-1255,F,12/27/2023,TN,PASSED,NEEDS TO GO TO FINAL INSPECTION,1
40T-1256,F,12/27/2023,TN,PASSED,NEEDS TO GO TO FINAL INSPECTION,1
40T-1257,F,12/27/2023,TN,PASSED,NEEDS TO GO TO FINAL INSPECTION,1
40T-1258,F,12/27/2023,TN,PASSED,NEEDS TO GO TO FINAL INSPECTION,1
40T-1259,F,12/27/2023,TN,PASSED,NEEDS TO GO TO FINAL INSPECTION,1
40T-1260,F,12/27/2023,TN,PASSED,NEEDS TO GO TO FINAL INSPECTION,1
40T-1261,F,12/27/2023,TN,PASSED,NEEDS TO GO TO FINAL INSPECTION,1
40T-1262,F,12/27/2023,TN,PASSED,NEEDS TO GO TO FINAL INSPECTION,1
40T-1263,F,12/27/2023,TN,PASSED,NEEDS TO GO TO FINAL INSPECTION,1
40T-1264,F,12/27/2023,TN,PASSED,NEEDS TO GO TO FINAL INSPECTION,1
40T-1265,F,12/27/2023,TN,PASSED,NEEDS TO GO TO FINAL INSPECTION,1
40T-1266,F,12/27/2023,TN,PASSED,NEEDS TO GO TO FINAL INSPECTION,1
40T-1267,F,12/27/2023,TN,PASSED,NEEDS TO GO TO FINAL INSPECTION,1
40T-1268,F,12/27/2023,TN,PASSED,NEEDS TO GO TO FINAL INSPECTION,1
40T-1269,F,12/27/2023,TN,PASSED,NEEDS TO GO TO FINAL INSPECTION,1
40T-1270,F,12/27/2023,TN,PASSED,NEEDS TO GO TO FINAL INSPECTION,1
40T-1271,F,12/27/2023,TN,FAILED,USBA-NO Light,2
40T-1272,F,12/27/2023,TN,PASSED,NEEDS TO GO TO FINAL INSPECTION,1
40T-1273,F,12/27/2023,TN,PASSED,NEEDS TO GO TO FINAL INSPECTION,1
40T-1274,F,12/27/2023,TN,PASSED,NEEDS TO GO TO FINAL INSPECTION,1
40T-1275,F,12/27/2023,TN,PASSED,NEEDS TO GO TO FINAL INSPECTION,1
40T-1276,F,12/27/2023,TN,PASSED,NEEDS TO GO TO FINAL INSPECTION,1
40T-1277,F,12/27/2023,TN,PASSED,NEEDS TO GO TO FINAL INSPECTION,1
40T-1278,F,12/27/2023,TN,PASSED,NEEDS TO GO TO FINAL INSPECTION,1
40T-1279,F,12/27/2023,TN,PASSED,NEEDS TO GO TO FINAL INSPECTION,1
40T-1280,F,12/27/2023,TN,PASSED,NEEDS TO GO TO FINAL INSPECTION,1
40T-1281,F,12/27/2023,TN,PASSED,NEEDS TO GO TO FINAL INSPECTION,1
40T-1282,F,12/27/2023,TN,PASSED,NEEDS TO GO TO FINAL INSPECTION,1
40T-1283,F,12/27/2023,TN,PASSED,NEEDS TO GO TO FINAL INSPECTION,1
40T-1284,F,12/28/2023,TN,PASSED,NEEDS TO GO TO FINAL INSPECTION,3
40T-1285,F,12/28/2023,TN,PASSED,NEEDS TO GO TO FINAL INSPECTION,1
40T-1286,F,12/28/2023,TN,PASSED,NEEDS TO GO TO FINAL INSPECTION,1
40T-1287,F,12/28/2023,TN,PASSED,NEEDS TO GO TO FINAL INSPECTION,1
40T-1288,F,12/28/2023,TN,PASSED,NEEDS TO GO TO FINAL INSPECTION,1
40T-1289,F,12/28/2023,TN,PASSED,NEEDS TO GO TO FINAL INSPECTION,1
40T-1290,F,12/28/2023,TN,PASSED,NEEDS TO GO TO FINAL INSPECTION,1
40T-1291,F,12/28/2023,TN,PASSED,NEEDS TO GO TO FINAL INSPECTION,1
40T-1292,F,12/28/2023,TN,PASSED,NEEDS TO GO TO FINAL INSPECTION,1
40T-1293,F,12/28/2023,TN,PASSED,NEEDS TO GO TO FINAL INSPECTION,1
40T-1294,F,12/28/2023,TN,PASSED,NEEDS TO GO TO FINAL INSPECTION,1
40T-1295,F,12/28/2023,TN,PASSED,NEEDS TO GO TO FINAL INSPECTION,1
40T-1296,F,12/28/2023,TN,PASSED,NEEDS TO GO TO FINAL INSPECTION,1
40T-1297,F,12/28/2023,TN,PASSED,NEEDS TO GO TO FINAL INSPECTION,1
40T-1298,F,12/28/2023,TN,PASSED,NEEDS TO GO TO FINAL INSPECTION,1
40T-1299,F,12/28/2023,TN,PASSED,NEEDS TO GO TO FINAL INSPECTION,1
40T-1300,F,12/28/2023,TN,PASSED,NEEDS TO GO TO FINAL INSPECTION,1
40T-1301,F,12/28/2023,TN,PASSED,NEEDS TO GO TO FINAL INSPECTION,1
40T-1302,F,12/28/2023,TN,PASSED,NEEDS TO GO TO FINAL INSPECTION,1
40T-1303,F,12/28/2023,TN,PASSED,NEEDS TO GO TO FINAL INSPECTION,1
40T-1304,F,12/28/2023,TN,PASSED,NEEDS TO GO TO FINAL INSPECTION,1
40T-1305,F,12/28/2023,TN,PASSED,NEEDS TO GO TO FINAL INSPECTION,1
40T-1306,F,12/28/2023,TN,PASSED,NEEDS TO GO TO FINAL INSPECTION,2
40T-1307,F,12/28/2023,TN,PASSED,NEEDS TO GO TO FINAL INSPECTION,1
40T-1308,F,12/28/2023,TN,PASSED,NEEDS TO GO TO FINAL INSPECTION,1
40T-1309,F,12/28/2023,TN,PASSED,NEEDS TO GO TO FINAL INSPECTION,1
40T-1310,F,12/28/2023,TN,PASSED,NEEDS TO GO TO FINAL INSPECTION,1
40T-1311,F,12/28/2023,TN,PASSED,NEEDS TO GO TO FINAL INSPECTION,1
40T-1312,F,12/28/2023,TN,PASSED,NEEDS TO GO TO FINAL INSPECTION,1
40T-1313,F,12/28/2023,TN,FAILED,USBA-NO Light,2
40T-1314,F,12/28/2023,TN,PASSED,NEEDS TO GO TO FINAL INSPECTION,1
40T-1315,F,12/28/2023,TN,FAILED,USBA-NO Light,2
40T-1316,F,12/28/2023,TN,PASSED,NEEDS TO GO TO FINAL INSPECTION,1
40T-1317,F,12/28/2023,TN,PASSED,NEEDS TO GO TO FINAL INSPECTION,1
40T-1318,F,12/28/2023,TN,PASSED,NEEDS TO GO TO FINAL INSPECTION,1
40T-1319,F,12/28/2023,TN,PASSED,NEEDS TO GO TO FINAL INSPECTION,1
40T-1320,F,12/28/2023,TN,PASSED,NEEDS TO GO TO FINAL INSPECTION,1
40T-1321,F,12/28/2023,TN,PASSED,NEEDS TO GO TO FINAL INSPECTION,1
40T-1322,F,12/28/2023,TN,PASSED,NEEDS TO GO TO FINAL INSPECTION,1
40T-1323,F,12/28/2023,TN,PASSED,NEEDS TO GO TO FINAL INSPECTION,1
40T-1324,F,12/28/2023,TN,PASSED,NEEDS TO GO TO FINAL INSPECTION,1
40T-1325,F,12/28/2023,TN,PASSED,NEEDS TO GO TO FINAL INSPECTION,1
40T-1326,F,12/28/2023,TN,PASSED,NEEDS TO GO TO FINAL INSPECTION,1
40T-1327,F,12/28/2023,TN,PASSED,NEEDS TO GO TO FINAL INSPECTION,1
40T-1328,F,12/28/2023,TN,PASSED,NEEDS TO GO TO FINAL INSPECTION,1
40T-1329,F,12/28/2023,TN,PASSED,NEEDS TO GO TO FINAL INSPECTION,1
40T-1330,F,12/28/2023,TN,PASSED,NEEDS TO GO TO FINAL INSPECTION,1
40T-1331,F,12/28/2023,TN,PASSED,NEEDS TO GO TO FINAL INSPECTION,2
40T-1332,F,12/28/2023,TN,PASSED,NEEDS TO GO TO FINAL INSPECTION,2
40T-1333,F,12/28/2023,TN,PASSED,NEEDS TO GO TO FINAL INSPECTION,1
40T-1334,F,12/28/2023,TN,PASSED,NEEDS TO GO TO FINAL INSPECTION,1
40T-1335,F,12/28/2023,TN,PASSED,NEEDS TO GO TO FINAL INSPECTION,1
40T-1336,F,12/28/2023,TN,PASSED,NEEDS TO GO TO FINAL INSPECTION,1
40T-1337,F,12/28/2023,TN,PASSED,NEEDS TO GO TO FINAL INSPECTION,1
40T-1338,F,12/28/2023,TN,PASSED,NEEDS TO GO TO FINAL INSPECTION,2
40T-1339,F,12/28/2023,TN,PASSED,NEEDS TO GO TO FINAL INSPECTION,1
40T-1340,F,12/28/2023,TN,PASSED,NEEDS TO GO TO FINAL INSPECTION,2
40T-1341,F,12/28/2023,TN,PASSED,NEEDS TO GO TO FINAL INSPECTION,2
40T-1342,F,12/28/2023,TN,PASSED,NEEDS TO GO TO FINAL INSPECTION,1
40T-1343,F,12/28/2023,TN,PASSED,NEEDS TO GO TO FINAL INSPECTION,1
40T-1344,F,12/28/2023,TN,PASSED,NEEDS TO GO TO FINAL INSPECTION,1
40T-1345,F,12/28/2023,TN,FAILED,USBA-NO Light,2
40T-1346,F,12/28/2023,TN,PASSED,NEEDS TO GO TO FINAL INSPECTION,1
40T-1347,F,12/28/2023,TN,PASSED,NEEDS TO GO TO FINAL INSPECTION,1
40T-1348,F,12/28/2023,TN,PASSED,NEEDS TO GO TO FINAL INSPECTION,1
40T-1349,F,12/28/2023,TN,PASSED,NEEDS TO GO TO FINAL INSPECTION,2
40T-1350,F,12/28/2023,TN,PASSED,NEEDS TO GO TO FINAL INSPECTION,1
40T-1351,F,12/28/2023,TN,PASSED,NEEDS TO GO TO FINAL INSPECTION,2
40T-1352,F,12/28/2023,TN,PASSED,NEEDS TO GO TO FINAL INSPECTION,1
40T-1353,F,12/28/2023,TN,PASSED,NEEDS TO GO TO FINAL INSPECTION,1
40T-1354,F,12/28/2023,TN,PASSED,NEEDS TO GO TO FINAL INSPECTION,2
40T-1355,F,12/28/2023,TN,PASSED,NEEDS TO GO TO FINAL INSPECTION,2
40T-1356,F,12/28/2023,TN,PASSED,NEEDS TO GO TO FINAL INSPECTION,2
40T-1357,F,12/28/2023,TN,PASSED,NEEDS TO GO TO FINAL INSPECTION,2
40T-1358,F,12/28/2023,TN,PASSED,NEEDS TO GO TO FINAL INSPECTION,1
40T-1359,F,12/28/2023,TN,PASSED,NEEDS TO GO TO FINAL INSPECTION,3
40T-1360,F,12/28/2023,TN,PASSED,NEEDS TO GO TO FINAL INSPECTION,3
40T-1361,F,12/28/2023,TN,PASSED,NEEDS TO GO TO FINAL INSPECTION,2
40T-1362,F,12/28/2023,TN,PASSED,NEEDS TO GO TO FINAL INSPECTION,2
40T-1363,F,12/28/2023,TN,PASSED,NEEDS TO GO TO FINAL INSPECTION,1
40T-1364,F,12/28/2023,TN,PASSED,NEEDS TO GO TO FINAL INSPECTION,2
40T-1365,F,12/28/2023,TN,PASSED,NEEDS TO GO TO FINAL INSPECTION,2
40T-1366,F,12/29/2023,TN,PASSED,NEEDS TO GO TO FINAL INSPECTION,1
40T-1367,F,12/29/2023,TN,PASSED,NEEDS TO GO TO FINAL INSPECTION,1
40T-1368,F,12/29/2023,TN,PASSED,NEEDS TO GO TO FINAL INSPECTION,1
40T-1369,F,12/29/2023,TN,PASSED,NEEDS TO GO TO FINAL INSPECTION,1
40T-1370,F,12/29/2023,TN,PASSED,NEEDS TO GO TO FINAL INSPECTION,2
40T-1371,F,12/29/2023,TN,PASSED,NEEDS TO GO TO FINAL INSPECTION,2
40T-1372,F,12/29/2023,TN,FAILED,USBA-NO Light,2
40T-1373,F,12/29/2023,TN,PASSED,NEEDS TO GO TO FINAL INSPECTION,2
40T-1374,F,12/29/2023,TN,PASSED,NEEDS TO GO TO FINAL INSPECTION,2
40T-1375,F,12/29/2023,TN,PASSED,NEEDS TO GO TO FINAL INSPECTION,2
40T-1376,F,12/29/2023,TN,PASSED,NEEDS TO GO TO FINAL INSPECTION,2
40T-1377,F,12/29/2023,TN,PASSED,NEEDS TO GO TO FINAL INSPECTION,2
40T-1378,F,12/29/2023,TN,PASSED,NEEDS TO GO TO FINAL INSPECTION,2
40T-1379,F,12/29/2023,TN,PASSED,NEEDS TO GO TO FINAL INSPECTION,3
40T-1380,F,12/29/2023,TN,FAILED,USBA-NO Light,3
40T-1381,F,12/29/2023,TN,PASSED,NEEDS TO GO TO FINAL INSPECTION,2
40T-1382,F,12/29/2023,TN,FAILED,USBA-NO Light,3
40T-1383,F,12/29/2023,TN,PASSED,NEEDS TO GO TO FINAL INSPECTION,2
40T-1384,F,12/29/2023,TN,PASSED,NEEDS TO GO TO FINAL INSPECTION,2
40T-1385,F,12/29/2023,TN,PASSED,NEEDS TO GO TO FINAL INSPECTION,2
40T-1386,F,12/29/2023,TN,PASSED,NEEDS TO GO TO FINAL INSPECTION,1
40T-1387,F,12/29/2023,TN,FAILED,USBA-NO Light,2
40T-1388,F,12/29/2023,TN,PASSED,NEEDS TO GO TO FINAL INSPECTION,1
40T-1389,F,12/29/2023,TN,PASSED,NEEDS TO GO TO FINAL INSPECTION,1
40T-1390,F,12/29/2023,TN,FAILED,USBA-NO Light,2
40T-1391,F,12/29/2023,TN,PASSED,NEEDS TO GO TO FINAL INSPECTION,1
40T-1392,F,12/29/2023,TN,PASSED,NEEDS TO GO TO FINAL INSPECTION,1
40T-1393,F,12/29/2023,TN,PASSED,NEEDS TO GO TO FINAL INSPECTION,1
40T-1394,F,12/29/2023,TN,PASSED,NEEDS TO GO TO FINAL INSPECTION,1
40T-1395,F,12/29/2023,TN,PASSED,NEEDS TO GO TO FINAL INSPECTION,1
40T-1396,F,12/29/2023,TN,PASSED,NEEDS TO GO TO FINAL INSPECTION,1
40T-1397,F,12/29/2023,TN,PASSED,NEEDS TO GO TO FINAL INSPECTION,1
40T-1398,F,12/29/2023,TN,FAILED,USBC-5A-3A0-CL,2
40T-1399,F,12/29/2023,TN,PASSED,NEEDS TO GO TO FINAL INSPECTION,3
40T-1400,F,12/29/2023,TN,PASSED,NEEDS TO GO TO FINAL INSPECTION,3
40T-1401,F,12/29/2023,TN,PASSED,NEEDS TO GO TO FINAL INSPECTION,2
40T-1402,F,12/29/2023,TN,PASSED,NEEDS TO GO TO FINAL INSPECTION,2
40T-1403,F,12/29/2023,TN,PASSED,NEEDS TO GO TO FINAL INSPECTION,1
40T-1404,F,12/29/2023,TN,PASSED,NEEDS TO GO TO FINAL INSPECTION,1
40T-1405,F,12/29/2023,TN,PASSED,NEEDS TO GO TO FINAL INSPECTION,1
40T-1406,F,12/29/2023,TN,PASSED,NEEDS TO GO TO FINAL INSPECTION,1
40T-1407,F,12/29/2023,TN,PASSED,NEEDS TO GO TO FINAL INSPECTION,1
40T-1408,F,12/29/2023,TN,PASSED,NEEDS TO GO TO FINAL INSPECTION,1
40T-1409,F,12/29/2023,TN,PASSED,NEEDS TO GO TO FINAL INSPECTION,1
40T-1410,F,12/29/2023,TN,PASSED,NEEDS TO GO TO FINAL INSPECTION,2
40T-1411,F,12/29/2023,TN,PASSED,NEEDS TO GO TO FINAL INSPECTION,1
40T-1412,F,12/29/2023,TN,PASSED,NEEDS TO GO TO FINAL INSPECTION,1
40T-1413,F,12/29/2023,TN,PASSED,NEEDS TO GO TO FINAL INSPECTION,1
40T-1414,F,12/29/2023,TN,PASSED,NEEDS TO GO TO FINAL INSPECTION,1
40T-1415,F,12/29/2023,TN,PASSED,NEEDS TO GO TO FINAL INSPECTION,1
40T-1416,F,12/29/2023,TN,PASSED,NEEDS TO GO TO FINAL INSPECTION,1
40T-1417,F,12/29/2023,TN,FAILED,USBC-5A-3A0-CL,4
40T-1418,F,12/29/2023,TN,FAILED,USBC-5A-3A0-CL,2
40T-1419,F,12/29/2023,TN,PASSED,NEEDS TO GO TO FINAL INSPECTION,2
40T-1420,F,12/29/2023,TN,PASSED,NEEDS TO GO TO FINAL INSPECTION,1
40T-1421,F,12/29/2023,TN,FAILED,USBC-5A-3A0-CL,1
40T-1422,F,12/29/2023,TN,PASSED,NEEDS TO GO TO FINAL INSPECTION,3
40T-1423,F,12/29/2023,TN,PASSED,NEEDS TO GO TO FINAL INSPECTION,2
40T-1424,F,12/29/2023,TN,FAILED,USBC-5A-3A0-CL,2
40T-1425,F,12/29/2023,TN,PASSED,NEEDS TO GO TO FINAL INSPECTION,1
40T-1426,F,12/29/2023,TN,PASSED,NEEDS TO GO TO FINAL INSPECTION,1
40T-1427,F,12/29/2023,TN,PASSED,NEEDS TO GO TO FINAL INSPECTION,1
40T-1428,F,12/29/2023,TN,PASSED,NEEDS TO GO TO FINAL INSPECTION,1
40T-1429,F,12/29/2023,TN,FAILED,USBC-5V-0A0-CL,1
